,date
0,11/3/18
1,9/26/18
2,11/13/18
3,9/26/18
4,10/2/18
5,10/27/18
6,10/7/18
7,9/19/18
8,9/30/18
9,10/3/18
10,10/2/18
11,10/2/18
12,9/27/18
13,10/2/18
14,9/14/18
15,2/8/18
16,1/16/17
17,1/3/18
18,1/11/18
19,1/15/18
20,12/25/17
21,1/2/18
22,1/14/18
23,1/2/18
24,2/22/18
25,2/14/18
26,1/4/18
27,3/9/18
28,3/2/18
29,1/9/18
30,3/1/18
31,1/31/18
32,11/30/17
33,12/28/17
34,12/29/17
35,12/29/17
36,12/14/17
37,11/29/17
38,1/1/18
39,1/3/18
40,1/2/18
41,2/6/18
42,12/1/17
43,12/20/17
44,1/4/18
45,1/9/18
46,2/28/18
47,1/9/18
48,1/31/18
49,2/3/18
50,4/3/18
51,3/14/18
52,4/3/18
53,4/3/18
54,1/12/18
55,1/14/18
56,1/15/18
57,4/3/18
58,12/13/17
59,4/3/18
60,4/26/18
61,2/1/18
62,1/14/18
63,10/6/17
64,4/1/18
65,3/29/18
66,1/9/18
67,3/9/18
68,11/29/17
69,12/31/17
70,2/26/18
71,3/13/18
72,2/1/13
73,4/19/18
74,2/15/18
75,1/14/18
76,3/29/18
77,12/21/17
78,12/14/17
79,2/13/18
80,1/18/18
81,12/27/17
82,3/14/18
83,3/14/18
84,1/30/18
85,2/14/18
86,12/14/17
87,4/26/18
88,4/14/18
89,1/18/18
90,12/31/17
91,1/2/18
92,2/28/18
93,11/30/17
94,3/14/18
95,2/12/18
96,3/2/18
97,3/13/18
98,2/14/18
99,4/13/18
100,3/14/18
101,3/14/18
102,3/7/18
103,12/21/17
104,1/23/18
105,3/14/18
106,3/7/18
107,3/9/18
108,3/1/18
109,12/14/17
110,2/7/18
111,3/8/18
112,3/14/18
113,3/9/18
114,12/14/17
115,12/12/17
116,12/14/17
117,1/17/18
118,1/5/18
119,1/6/18
120,11/30/17
121,2/12/18
122,11/30/17
123,11/29/17
124,12/29/17
125,12/14/17
126,1/13/18
127,4/3/18
128,1/9/18
129,2/14/18
130,1/30/18
131,3/14/18
132,3/9/18
133,2/14/18
134,3/4/18
135,3/20/18
136,2/28/18
137,1/13/18
138,1/8/18
139,4/14/18
140,10/18/17
141,2/15/18
142,2/14/18
143,3/27/18
144,2/7/18
145,1/2/18
146,1/31/18
147,2/14/18
148,2/7/18
149,3/14/18
150,2/8/18
151,12/30/17
152,3/31/18
153,3/5/18
154,1/14/18
155,12/14/17
156,2/14/18
157,1/14/18
158,1/16/18
159,12/17/17
160,12/27/17
161,12/19/17
162,1/9/18
163,1/31/18
164,3/30/18
165,3/14/18
166,4/15/18
167,3/14/18
168,1/31/18
169,2/27/18
170,2/7/18
171,3/14/18
172,3/2/18
173,1/6/13
174,1/11/18
175,11/28/17
176,1/14/18
177,1/14/18
178,1/14/18
179,1/14/18
180,3/9/18
181,1/14/18
182,3/5/18
183,1/2/18
184,2/9/18
185,1/9/18
186,3/14/18
187,1/13/18
188,2/15/18
189,2/22/18
190,3/30/18
191,2/14/18
192,1/14/18
193,11/30/17
194,3/31/18
195,3/30/18
196,1/31/18
197,11/12/17
198,1/30/18
199,1/5/18
200,11/30/17
201,3/12/18
202,11/29/17
203,11/30/17
204,1/13/18
205,11/30/17
206,11/30/17
207,11/29/17
208,1/8/18
209,12/30/17
210,2/24/18
211,11/29/17
212,12/24/17
213,2/13/18
214,1/3/18
215,12/21/17
216,12/14/17
217,12/30/17
218,2/14/18
219,3/14/18
220,1/14/18
221,1/1/18
222,1/14/18
223,2/14/18
224,1/4/18
225,2/14/18
226,1/4/18
227,2/26/18
228,3/28/18
229,12/4/17
230,10/14/17
231,2/27/18
232,2/14/18
233,12/27/17
234,1/4/18
235,12/23/17
236,11/9/17
237,2/7/18
238,12/26/17
239,12/30/17
240,12/23/17
241,1/4/18
242,1/4/18
243,1/31/18
244,1/4/18
245,1/3/18
246,1/9/18
247,12/5/17
248,11/30/17
249,1/4/18
250,12/19/17
251,12/27/17
252,1/2/18
253,1/3/18
254,12/14/17
255,12/14/17
256,2/7/18
257,1/26/18
258,10/14/17
259,2/27/18
260,12/22/17
261,2/13/18
262,12/29/17
263,12/12/17
264,12/12/17
265,12/13/17
266,1/2/18
267,12/14/17
268,12/14/17
269,11/29/17
270,1/14/18
271,12/14/17
272,3/15/18
273,2/28/18
274,1/31/18
275,12/28/17
276,2/24/18
277,1/23/18
278,11/30/17
279,3/14/18
280,11/10/17
281,12/12/17
282,12/12/17
283,3/14/18
284,1/14/18
285,1/18/18
286,1/4/18
287,11/14/17
288,1/23/18
289,1/21/18
290,3/9/18
291,2/13/18
292,1/30/18
293,2/24/18
294,2/7/18
295,1/2/18
296,1/15/18
297,1/9/18
298,1/31/18
299,1/14/18
300,12/18/17
301,2/6/18
302,1/4/18
303,1/14/18
304,1/14/18
305,1/18/18
306,1/23/18
307,1/30/18
308,12/4/17
309,1/23/18
310,1/23/18
311,1/23/18
312,1/23/18
313,1/23/18
314,2/12/18
315,2/7/18
316,3/14/18
317,2/7/18
318,1/4/18
319,1/20/18
320,1/4/18
321,1/16/18
322,1/31/18
323,2/6/18
324,2/8/18
325,3/12/18
326,10/1/17
327,1/1/18
328,1/3/18
329,1/3/18
330,1/4/18
331,12/27/17
332,12/30/17
333,1/14/18
334,2/14/18
335,1/30/18
336,12/11/17
337,1/4/18
338,1/2/18
339,1/3/18
340,4/1/18
341,1/5/18
342,12/31/17
343,1/4/18
344,2/25/18
345,1/13/18
346,1/13/18
347,12/7/17
348,1/2/18
349,1/2/18
350,1/8/18
351,1/5/18
352,1/13/18
353,1/31/18
354,1/13/18
355,2/14/18
356,1/31/18
357,12/14/17
358,2/26/18
359,11/6/17
360,2/28/18
361,2/28/18
362,2/28/18
363,2/28/18
364,2/11/18
365,2/7/18
366,2/14/18
367,9/30/17
368,11/25/17
369,10/21/17
370,9/30/17
371,9/30/17
372,10/21/17
373,1/30/18
374,1/5/18
375,1/27/18
376,1/30/18
377,3/14/18
378,1/14/18
379,1/7/18
380,1/14/18
381,1/11/18
382,12/7/17
383,1/4/18
384,1/4/18
385,1/4/18
386,1/4/18
387,12/26/17
388,1/4/18
389,10/19/17
390,12/21/17
391,1/23/18
392,11/1/17
393,1/14/18
394,2/13/18
395,2/13/18
396,11/13/17
397,12/14/17
398,1/5/18
399,11/14/17
400,10/14/17
401,1/6/18
402,12/14/17
403,12/13/17
404,1/20/18
405,1/1/18
406,1/4/18
407,1/15/18
408,1/16/18
409,1/2/18
410,12/14/17
411,1/3/18
412,12/19/17
413,1/14/18
414,1/5/18
415,3/13/18
416,2/2/18
417,12/14/17
418,12/30/17
419,1/15/18
420,1/16/18
421,1/4/18
422,1/2/18
423,12/7/17
424,1/2/18
425,1/4/18
426,1/31/18
427,1/4/18
428,12/12/17
429,3/11/18
430,1/4/18
431,1/4/18
432,12/30/17
433,2/6/18
434,12/30/17
435,12/24/17
436,12/18/17
437,12/13/17
438,11/29/17
439,1/4/18
440,1/1/18
441,2/1/18
442,12/1/17
443,1/1/18
444,12/30/17
445,11/30/17
446,11/28/17
447,1/17/18
448,1/8/18
449,1/18/18
450,12/2/17
451,1/29/18
452,1/14/18
453,1/25/18
454,2/8/18
455,1/2/18
456,2/12/18
457,12/7/17
458,12/21/17
459,1/4/18
460,1/29/18
461,1/3/18
462,12/28/17
463,2/16/18
464,1/30/18
465,11/29/17
466,1/14/18
467,12/14/17
468,1/20/18
469,1/22/18
470,1/9/18
471,1/15/18
472,2/15/18
473,1/12/18
474,1/15/18
475,12/14/17
476,1/28/18
477,12/9/17
478,1/27/18
479,1/13/18
480,1/26/18
481,1/31/18
482,10/14/17
483,12/14/17
484,11/30/17
485,11/29/17
486,1/4/18
487,11/30/17
488,11/23/17
489,12/12/17
490,12/13/17
491,11/30/17
492,11/30/17
493,11/29/17
494,12/14/17
495,1/14/18
496,1/19/18
497,10/31/17
498,12/14/17
499,1/14/18
500,12/23/17
501,1/2/18
502,11/29/17
503,12/15/17
504,12/13/17
505,12/23/17
506,12/14/17
507,1/31/18
508,1/15/18
509,1/2/18
510,12/14/17
511,1/11/18
512,12/4/17
513,12/5/17
514,12/5/17
515,12/6/17
516,2/7/17
517,11/30/16
518,12/13/16
519,1/8/17
520,2/13/17
521,1/4/17
522,2/19/17
523,1/14/17
524,1/22/18
525,1/9/18
526,1/23/18
527,1/14/18
528,1/18/18
529,1/9/18
530,3/7/18
531,2/7/18
532,1/4/18
533,1/9/18
534,2/26/18
535,1/21/18
536,12/14/17
537,1/9/18
538,12/29/17
539,12/14/17
540,1/9/18
541,1/8/18
542,10/11/17
543,11/14/17
544,12/7/17
545,1/14/18
546,1/8/18
547,1/14/18
548,1/1/18
549,1/14/18
550,1/18/18
551,1/3/18
552,12/14/17
553,12/21/17
554,12/11/17
555,12/14/17
556,12/14/17
557,12/17/17
558,1/2/18
559,11/29/17
560,12/17/17
561,12/10/17
562,12/27/17
563,12/14/17
564,12/14/17
565,12/10/17
566,1/3/18
567,1/17/18
568,12/30/17
569,12/9/17
570,12/7/17
571,1/3/18
572,12/12/17
573,1/9/18
574,12/7/17
575,12/14/17
576,1/12/18
577,1/14/18
578,12/14/17
579,12/13/17
580,1/1/18
581,12/19/17
582,12/14/17
583,1/3/18
584,1/3/18
585,12/25/17
586,1/3/18
587,1/3/18
588,1/29/18
589,1/30/18
590,1/2/18
591,11/29/17
592,1/3/18
593,1/4/18
594,12/15/17
595,1/13/18
596,1/14/18
597,1/7/18
598,1/31/18
599,12/29/17
600,12/14/17
601,1/14/18
602,10/14/17
603,1/30/18
604,1/1/18
605,1/2/18
606,1/14/18
607,1/11/18
608,12/30/17
609,11/29/17
610,12/29/17
611,1/14/18
612,1/14/18
613,1/9/18
614,1/6/18
615,12/30/17
616,12/29/17
617,12/29/17
618,12/30/17
619,1/14/18
620,12/14/17
621,12/29/17
622,12/30/17
623,1/1/18
624,12/30/17
625,12/30/17
626,12/30/17
627,12/30/17
628,12/9/17
629,12/30/17
630,1/14/18
631,1/14/18
632,12/21/17
633,11/30/17
634,1/23/18
635,1/3/18
636,12/30/17
637,12/12/17
638,1/28/18
639,1/9/18
640,1/12/18
641,1/6/18
642,11/30/17
643,1/16/16
644,1/22/16
645,12/14/17
646,1/18/18
647,11/30/17
648,1/11/18
649,12/14/17
650,1/4/18
651,11/29/17
652,1/4/18
653,1/14/18
654,1/14/18
655,2/8/18
656,12/11/17
657,1/9/18
658,11/29/17
659,12/27/17
660,12/14/17
661,1/17/18
662,1/15/18
663,2/14/18
664,12/14/17
665,1/25/18
666,1/30/18
667,1/18/18
668,1/5/18
669,1/14/18
670,11/28/17
671,1/23/18
672,1/9/18
673,12/9/17
674,1/13/18
675,12/31/17
676,1/3/18
677,1/23/18
678,1/9/18
679,12/29/17
680,1/10/18
681,12/31/17
682,2/3/18
683,1/3/18
684,12/14/17
685,12/30/17
686,1/1/18
687,1/3/18
688,12/30/17
689,2/7/18
690,11/29/17
691,1/16/18
692,11/21/17
693,1/14/18
694,1/31/18
695,2/6/18
696,12/4/17
697,12/4/17
698,2/1/18
699,2/1/18
700,11/16/17
701,11/14/17
702,11/14/17
703,12/1/17
704,11/29/17
705,1/6/18
706,1/3/18
707,11/29/17
708,1/8/18
709,1/2/18
710,12/13/17
711,12/28/17
712,1/3/18
713,1/13/18
714,11/29/17
715,11/30/17
716,1/18/18
717,10/5/17
718,12/30/17
719,12/30/17
720,1/3/18
721,12/19/17
722,12/29/17
723,11/29/17
724,12/28/17
725,1/2/18
726,1/2/18
727,1/1/18
728,1/21/18
729,12/31/17
730,1/21/18
731,1/2/18
732,11/29/17
733,12/30/17
734,12/13/17
735,1/7/18
736,1/17/18
737,12/26/17
738,11/26/17
739,11/3/17
740,11/30/17
741,11/29/17
742,1/13/18
743,1/14/18
744,1/14/18
745,1/3/18
746,1/1/18
747,1/2/18
748,1/3/17
749,1/3/17
750,1/3/18
751,10/28/17
752,12/14/17
753,1/22/18
754,1/9/18
755,1/1/17
756,1/2/18
757,1/14/18
758,12/10/17
759,12/6/17
760,12/14/17
761,12/12/17
762,1/14/18
763,12/12/17
764,1/14/18
765,12/16/17
766,12/16/17
767,1/7/18
768,1/7/18
769,11/13/17
770,12/11/17
771,11/7/17
772,6/25/17
773,1/2/18
774,1/2/18
775,11/26/17
776,12/25/17
777,11/20/17
778,10/14/17
779,11/27/17
780,10/12/17
781,12/12/17
782,11/14/17
783,12/11/17
784,12/10/17
785,12/14/17
786,12/14/17
787,12/14/17
788,12/12/17
789,11/28/17
790,11/28/17
791,11/28/17
792,12/10/17
793,12/10/17
794,11/29/17
795,7/31/17
796,11/28/17
797,11/14/17
798,11/14/17
799,11/14/17
800,11/29/17
801,10/18/17
802,2/13/17
803,9/26/17
804,11/14/17
805,10/1/17
806,10/1/17
807,11/13/17
808,1/29/17
809,9/30/17
810,11/29/17
811,1/16/17
812,9/28/17
813,11/5/11
814,11/14/17
815,10/31/17
816,11/10/17
817,9/8/17
818,10/14/17
819,9/29/17
820,9/26/17
821,1/12/17
822,12/31/16
823,1/4/17
824,8/14/16
825,9/9/16
826,6/21/17
827,1/15/16
828,3/14/17
829,12/20/16
830,3/3/17
831,1/2/17
832,12/13/16
833,11/27/16
834,1/13/17
835,12/23/16
836,1/2/17
837,6/21/17
838,3/27/17
839,3/30/17
840,3/29/17
841,3/8/17
842,1/18/17
843,12/16/15
844,1/2/16
845,3/27/17
846,1/18/17
847,11/13/16
848,10/8/16
849,4/3/17
850,1/2/11
851,2/14/17
852,12/11/16
853,1/4/17
854,1/5/17
855,1/3/17
856,1/1/17
857,1/3/17
858,2/6/17
859,1/8/17
860,3/11/17
861,11/1/16
862,6/3/17
863,6/3/17
864,12/31/16
865,10/9/16
866,1/15/17
867,10/4/16
868,2/15/17
869,3/30/17
870,10/10/16
871,1/3/17
872,3/24/15
873,1/2/17
874,1/4/17
875,1/5/17
876,1/4/17
877,1/1/17
878,11/17/16
879,4/23/17
880,2/13/17
881,1/6/13
882,2/3/17
883,3/27/17
884,11/3/16
885,3/14/17
886,2/26/17
887,4/26/17
888,2/7/17
889,1/3/17
890,2/9/17
891,3/14/17
892,3/18/17
893,1/5/17
894,1/6/17
895,1/23/13
896,2/11/17
897,1/20/17
898,4/27/17
899,1/6/17
900,1/8/17
901,1/29/17
902,12/27/16
903,1/2/17
904,11/29/16
905,10/10/16
906,2/7/17
907,1/5/17
908,2/7/17
909,1/4/17
910,1/11/17
911,1/26/17
912,1/6/17
913,1/18/17
914,2/6/17
915,2/7/17
916,2/7/17
917,2/2/17
918,1/4/17
919,2/6/17
920,3/27/17
921,1/14/17
922,2/7/17
923,2/12/17
924,4/6/17
925,2/27/17
926,1/23/17
927,4/28/17
928,1/11/17
929,2/27/17
930,1/3/17
931,1/30/17
932,3/14/17
933,2/2/17
934,2/27/17
935,4/4/17
936,3/15/17
937,1/15/17
938,3/26/17
939,12/21/16
940,3/8/17
941,1/11/17
942,1/14/17
943,1/9/17
944,3/13/17
945,2/7/17
946,2/7/17
947,1/13/17
948,2/7/17
949,1/14/13
950,1/5/17
951,1/4/17
952,1/9/17
953,1/30/17
954,2/5/17
955,12/28/16
956,2/5/17
957,3/4/17
958,12/28/16
959,3/6/17
960,3/17/17
961,12/16/16
962,2/27/17
963,2/14/17
964,3/9/17
965,3/8/17
966,1/5/17
967,2/21/17
968,2/13/17
969,2/2/17
970,2/2/17
971,2/14/17
972,2/14/17
973,12/18/16
974,12/16/16
975,11/30/16
976,11/30/16
977,3/7/17
978,2/26/17
979,3/15/17
980,1/5/17
981,1/4/17
982,2/9/17
983,2/21/17
984,11/29/16
985,2/13/17
986,11/30/16
987,1/12/17
988,11/28/16
989,11/28/16
990,11/30/16
991,11/29/16
992,1/8/17
993,1/18/17
994,1/29/17
995,3/13/17
996,3/16/17
997,2/14/17
998,1/2/17
999,1/4/17
1000,1/4/17
1001,1/4/17
1002,1/4/17
1003,11/28/16
1004,11/28/16
1005,12/23/16
1006,1/5/17
1007,1/4/17
1008,11/29/16
1009,12/27/16
1010,12/31/16
1011,2/7/17
1012,1/4/17
1013,1/1/17
1014,1/4/17
1015,1/4/17
1016,1/5/17
1017,11/30/16
1018,1/5/17
1019,1/3/17
1020,1/3/17
1021,1/14/17
1022,1/5/17
1023,1/3/17
1024,1/4/17
1025,2/7/17
1026,2/14/17
1027,1/16/17
1028,3/9/17
1029,3/13/17
1030,2/12/17
1031,1/15/17
1032,1/3/17
1033,11/30/16
1034,11/28/16
1035,1/1/17
1036,3/14/17
1037,1/4/17
1038,3/13/17
1039,1/14/17
1040,1/14/17
1041,1/1/17
1042,12/21/16
1043,2/14/17
1044,1/14/17
1045,1/2/17
1046,3/14/17
1047,3/8/17
1048,1/12/17
1049,1/1/17
1050,1/5/17
1051,2/5/17
1052,11/8/16
1053,2/4/17
1054,2/12/17
1055,1/3/17
1056,2/11/17
1057,11/13/16
1058,1/6/17
1059,12/16/16
1060,10/30/16
1061,1/13/17
1062,1/18/17
1063,10/19/16
1064,12/14/16
1065,12/14/16
1066,1/3/17
1067,1/5/17
1068,1/5/17
1069,1/4/17
1070,4/2/17
1071,11/1/16
1072,2/14/17
1073,1/26/17
1074,1/4/17
1075,1/29/17
1076,1/22/17
1077,1/22/17
1078,1/31/17
1079,12/24/16
1080,1/16/17
1081,1/13/17
1082,1/7/17
1083,1/4/17
1084,1/5/17
1085,1/28/17
1086,1/24/17
1087,1/4/17
1088,3/12/17
1089,2/7/17
1090,2/27/17
1091,2/11/17
1092,2/14/17
1093,1/5/17
1094,1/3/17
1095,1/5/17
1096,1/4/17
1097,11/29/16
1098,1/11/17
1099,1/3/17
1100,1/31/17
1101,1/3/17
1102,3/22/17
1103,2/26/17
1104,1/24/17
1105,1/3/17
1106,1/24/17
1107,2/5/17
1108,12/23/16
1109,1/12/17
1110,11/28/16
1111,1/5/17
1112,2/19/17
1113,1/14/17
1114,1/6/17
1115,1/14/17
1116,2/14/17
1117,1/12/17
1118,1/14/17
1119,2/3/17
1120,1/14/17
1121,1/13/17
1122,2/1/17
1123,2/7/17
1124,2/7/17
1125,3/7/17
1126,2/7/17
1127,2/3/17
1128,2/12/17
1129,1/4/17
1130,1/12/17
1131,2/16/17
1132,2/13/17
1133,1/31/17
1134,12/31/16
1135,2/6/17
1136,1/22/17
1137,1/14/17
1138,1/6/17
1139,1/6/17
1140,1/12/17
1141,1/5/17
1142,1/5/17
1143,1/18/17
1144,1/5/17
1145,3/27/17
1146,12/3/16
1147,1/3/17
1148,11/29/16
1149,12/9/16
1150,12/6/16
1151,1/5/17
1152,1/5/17
1153,12/27/16
1154,12/27/16
1155,12/23/16
1156,12/17/16
1157,2/14/17
1158,1/2/17
1159,1/1/17
1160,2/1/17
1161,1/1/17
1162,11/23/16
1163,1/1/17
1164,12/29/16
1165,1/5/17
1166,1/4/17
1167,1/27/17
1168,2/6/17
1169,1/3/17
1170,1/9/17
1171,1/5/17
1172,12/31/16
1173,2/14/17
1174,11/29/13
1175,12/29/16
1176,2/6/17
1177,1/31/17
1178,1/3/17
1179,1/2/17
1180,1/2/17
1181,1/30/17
1182,1/4/17
1183,1/5/17
1184,1/13/17
1185,12/24/16
1186,1/5/17
1187,1/5/17
1188,12/27/16
1189,1/10/17
1190,2/27/17
1191,1/13/17
1192,2/27/17
1193,1/13/17
1194,1/3/17
1195,1/9/17
1196,1/14/17
1197,1/2/17
1198,12/8/16
1199,1/16/17
1200,1/10/17
1201,2/7/17
1202,2/7/17
1203,1/31/17
1204,2/14/17
1205,1/31/17
1206,1/3/17
1207,1/4/17
1208,2/13/17
1209,2/26/17
1210,12/14/16
1211,3/14/17
1212,12/24/16
1213,12/24/16
1214,12/24/16
1215,1/5/17
1216,12/1/16
1217,3/31/16
1218,2/14/17
1219,2/14/17
1220,2/14/17
1221,1/3/17
1222,2/18/17
1223,1/5/17
1224,1/3/17
1225,1/3/17
1226,1/3/17
1227,1/5/17
1228,1/4/17
1229,2/7/17
1230,12/7/16
1231,11/29/16
1232,1/3/17
1233,1/14/17
1234,11/30/16
1235,1/14/17
1236,1/4/17
1237,1/3/17
1238,1/3/17
1239,11/14/16
1240,1/2/17
1241,1/5/17
1242,12/11/16
1243,1/2/17
1244,2/7/17
1245,1/8/17
1246,1/3/17
1247,12/15/16
1248,1/5/17
1249,1/16/17
1250,1/2/17
1251,1/3/17
1252,1/3/17
1253,1/3/17
1254,1/2/17
1255,1/3/17
1256,1/2/17
1257,12/30/16
1258,1/8/17
1259,1/3/17
1260,1/3/17
1261,1/3/17
1262,1/3/17
1263,1/3/17
1264,1/3/17
1265,12/24/16
1266,1/4/17
1267,1/3/17
1268,1/6/17
1269,1/4/17
1270,11/30/16
1271,1/2/17
1272,2/14/17
1273,1/4/17
1274,1/1/17
1275,12/21/16
1276,1/31/17
1277,1/16/17
1278,2/6/17
1279,2/7/17
1280,11/29/16
1281,11/30/16
1282,2/7/17
1283,11/25/16
1284,11/30/16
1285,11/29/16
1286,11/30/16
1287,11/30/16
1288,11/29/16
1289,11/29/16
1290,1/27/17
1291,2/13/17
1292,2/7/17
1293,2/7/17
1294,2/7/17
1295,2/7/17
1296,2/9/17
1297,2/7/17
1298,1/23/17
1299,1/2/17
1300,2/7/17
1301,1/21/17
1302,2/6/17
1303,1/3/17
1304,1/5/17
1305,12/15/16
1306,12/31/16
1307,1/3/17
1308,1/3/17
1309,1/5/17
1310,12/15/16
1311,1/1/17
1312,1/5/17
1313,1/9/17
1314,10/14/16
1315,12/22/16
1316,1/5/17
1317,1/6/17
1318,1/5/17
1319,1/14/17
1320,1/7/17
1321,1/1/17
1322,1/31/17
1323,1/8/17
1324,1/9/17
1325,1/9/17
1326,12/14/16
1327,1/21/17
1328,1/8/17
1329,11/8/16
1330,1/14/17
1331,1/4/17
1332,1/5/17
1333,1/14/17
1334,2/13/17
1335,1/12/17
1336,11/30/16
1337,1/4/17
1338,1/4/17
1339,11/30/16
1340,1/8/17
1341,1/14/17
1342,1/11/17
1343,1/11/17
1344,1/11/17
1345,1/11/17
1346,1/11/17
1347,1/11/17
1348,2/21/17
1349,1/13/17
1350,11/26/16
1351,1/12/17
1352,12/26/16
1353,1/25/17
1354,1/8/17
1355,12/26/16
1356,12/26/16
1357,12/26/16
1358,11/29/16
1359,2/6/17
1360,1/18/17
1361,12/23/16
1362,12/24/16
1363,1/23/17
1364,12/14/16
1365,11/3/16
1366,12/14/16
1367,1/10/17
1368,1/14/17
1369,2/14/17
1370,12/24/16
1371,1/4/17
1372,1/4/17
1373,2/13/17
1374,1/2/17
1375,1/4/17
1376,3/3/17
1377,12/25/16
1378,1/9/17
1379,11/29/16
1380,1/19/17
1381,1/30/17
1382,10/29/16
1383,10/29/16
1384,10/13/16
1385,1/4/17
1386,1/1/17
1387,1/30/17
1388,1/18/17
1389,2/7/17
1390,12/23/16
1391,1/4/17
1392,12/14/16
1393,1/14/17
1394,1/4/17
1395,1/8/17
1396,11/30/16
1397,1/14/17
1398,1/13/17
1399,1/24/17
1400,1/3/17
1401,1/4/17
1402,12/31/16
1403,1/1/17
1404,11/9/16
1405,12/27/16
1406,1/7/17
1407,12/23/16
1408,1/14/17
1409,1/16/17
1410,2/15/17
1411,1/3/17
1412,1/31/17
1413,12/25/16
1414,1/6/17
1415,11/13/16
1416,11/30/16
1417,1/3/17
1418,1/3/17
1419,1/3/17
1420,1/4/17
1421,1/3/17
1422,1/4/17
1423,1/14/17
1424,1/4/17
1425,1/4/17
1426,1/4/17
1427,1/5/17
1428,12/14/16
1429,1/4/17
1430,1/4/17
1431,1/5/17
1432,1/2/17
1433,12/29/16
1434,12/15/16
1435,1/3/17
1436,1/5/17
1437,1/4/17
1438,1/4/17
1439,1/4/17
1440,1/3/17
1441,12/25/16
1442,1/2/17
1443,1/4/17
1444,1/2/17
1445,1/4/17
1446,12/24/16
1447,1/4/17
1448,2/7/17
1449,1/4/17
1450,1/4/17
1451,12/13/16
1452,1/4/17
1453,12/28/16
1454,1/5/17
1455,1/4/17
1456,1/5/17
1457,12/31/16
1458,12/20/16
1459,11/29/16
1460,11/14/16
1461,1/5/17
1462,1/4/17
1463,1/5/17
1464,1/19/17
1465,1/3/17
1466,12/25/16
1467,1/1/17
1468,1/3/17
1469,12/24/16
1470,1/4/17
1471,11/10/16
1472,1/3/17
1473,2/2/17
1474,1/4/17
1475,1/5/17
1476,12/30/16
1477,12/21/16
1478,1/14/17
1479,1/4/17
1480,2/13/17
1481,3/7/17
1482,11/17/16
1483,12/15/16
1484,1/14/17
1485,1/31/17
1486,2/9/17
1487,1/2/17
1488,1/19/17
1489,2/15/17
1490,1/8/17
1491,1/30/17
1492,1/10/17
1493,11/8/16
1494,12/24/16
1495,1/2/17
1496,1/15/17
1497,1/15/17
1498,11/8/16
1499,1/4/17
1500,2/27/17
1501,1/5/17
1502,1/5/17
1503,1/5/17
1504,11/28/16
1505,1/13/17
1506,1/4/17
1507,11/29/16
1508,1/24/17
1509,2/27/17
1510,1/24/17
1511,1/1/17
1512,2/10/17
1513,2/6/17
1514,12/26/16
1515,1/9/17
1516,1/31/17
1517,1/13/17
1518,1/12/17
1519,2/21/17
1520,1/31/17
1521,1/14/17
1522,1/2/17
1523,2/6/17
1524,1/14/17
1525,1/12/17
1526,12/4/16
1527,2/7/17
1528,1/28/17
1529,1/28/17
1530,1/28/17
1531,1/4/17
1532,11/30/16
1533,1/3/17
1534,1/5/17
1535,2/7/17
1536,1/5/17
1537,1/31/17
1538,12/27/16
1539,1/6/17
1540,12/31/16
1541,12/31/16
1542,1/17/17
1543,11/28/16
1544,1/14/17
1545,11/17/16
1546,1/5/17
1547,1/5/17
1548,1/5/17
1549,2/12/17
1550,11/30/16
1551,1/25/17
1552,2/15/17
1553,1/3/17
1554,9/18/16
1555,11/29/16
1556,10/23/16
1557,1/24/17
1558,1/24/17
1559,11/28/16
1560,1/9/17
1561,1/5/17
1562,2/14/17
1563,2/6/17
1564,1/5/17
1565,1/4/17
1566,1/4/17
1567,1/19/17
1568,1/31/17
1569,1/22/17
1570,1/1/17
1571,12/27/16
1572,1/25/17
1573,1/14/17
1574,11/9/16
1575,1/9/17
1576,1/5/17
1577,11/17/16
1578,10/13/16
1579,1/21/17
1580,1/31/17
1581,11/30/16
1582,12/25/16
1583,1/4/17
1584,1/31/17
1585,2/3/17
1586,12/29/16
1587,1/23/17
1588,1/5/17
1589,1/24/17
1590,1/9/17
1591,11/30/16
1592,11/29/16
1593,11/29/16
1594,11/30/16
1595,11/6/16
1596,11/30/16
1597,1/12/17
1598,12/21/16
1599,11/7/16
1600,1/6/17
1601,1/14/17
1602,12/30/16
1603,11/27/16
1604,11/7/16
1605,11/27/16
1606,11/8/16
1607,2/7/17
1608,1/30/17
1609,12/12/16
1610,2/7/17
1611,1/5/17
1612,2/6/17
1613,2/7/17
1614,1/9/17
1615,1/5/17
1616,12/14/16
1617,1/3/17
1618,11/30/16
1619,1/14/17
1620,12/28/16
1621,1/24/17
1622,11/7/16
1623,11/30/16
1624,12/22/16
1625,11/30/16
1626,1/4/17
1627,11/8/16
1628,11/17/16
1629,12/10/16
1630,10/1/16
1631,11/7/16
1632,1/4/17
1633,1/4/17
1634,1/14/17
1635,1/1/17
1636,12/31/16
1637,1/3/17
1638,1/3/17
1639,1/1/17
1640,1/4/17
1641,1/4/17
1642,1/4/17
1643,1/23/17
1644,1/1/17
1645,11/29/16
1646,12/7/16
1647,11/30/16
1648,11/28/16
1649,11/28/16
1650,12/29/16
1651,12/16/16
1652,12/14/16
1653,12/10/16
1654,1/4/17
1655,11/17/16
1656,12/30/16
1657,1/5/17
1658,1/14/17
1659,1/28/17
1660,1/28/17
1661,1/8/17
1662,11/6/16
1663,1/4/17
1664,1/28/17
1665,11/30/16
1666,11/28/16
1667,1/14/16
1668,1/12/17
1669,1/3/17
1670,1/8/17
1671,11/27/16
1672,1/4/17
1673,1/5/17
1674,1/5/17
1675,1/4/17
1676,12/2/16
1677,1/7/17
1678,11/29/16
1679,1/1/17
1680,1/1/17
1681,12/13/16
1682,10/12/16
1683,12/6/16
1684,11/4/16
1685,1/12/17
1686,12/10/16
1687,12/10/16
1688,1/12/17
1689,11/8/16
1690,11/14/16
1691,12/27/16
1692,12/23/16
1693,1/7/17
1694,1/5/17
1695,11/6/16
1696,11/7/16
1697,11/8/16
1698,11/27/16
1699,12/26/16
1700,1/5/17
1701,9/23/16
1702,10/13/16
1703,12/18/16
1704,12/16/16
1705,11/10/16
1706,11/9/13
1707,11/30/16
1708,11/29/16
1709,9/30/16
1710,11/14/16
1711,11/29/16
1712,9/30/16
1713,9/19/16
1714,11/18/16
1715,10/11/16
1716,9/25/16
1717,10/13/16
1718,10/13/16
1719,10/13/16
1720,10/13/16
1721,10/13/16
1722,10/31/16
1723,3/19/15
1724,9/29/16
1725,12/2/15
1726,8/31/16
1727,1/1/16
1728,1/3/16
1729,10/5/16
1730,11/4/15
1731,1/3/16
1732,1/4/16
1733,3/7/16
1734,11/29/15
1735,12/30/15
1736,11/30/15
1737,1/14/16
1738,12/30/13
1739,12/10/13
1740,4/22/15
1741,11/30/15
1742,1/4/16
1743,11/30/15
1744,1/30/16
1745,6/5/16
1746,10/17/15
1747,1/4/16
1748,11/3/15
1749,2/7/16
1750,2/9/16
1751,10/31/15
1752,1/22/16
1753,2/13/16
1754,3/27/16
1755,9/23/15
1756,12/10/15
1757,3/20/16
1758,1/13/16
1759,12/17/15
1760,1/21/16
1761,12/23/15
1762,10/24/15
1763,1/6/16
1764,1/13/16
1765,1/10/16
1766,3/24/16
1767,3/16/16
1768,11/8/15
1769,3/28/16
1770,3/29/16
1771,3/31/16
1772,3/22/16
1773,1/27/16
1774,2/17/16
1775,3/30/16
1776,1/16/16
1777,1/9/16
1778,11/29/15
1779,1/29/16
1780,3/13/16
1781,1/31/16
1782,1/28/16
1783,5/3/16
1784,1/6/16
1785,2/14/16
1786,3/4/16
1787,3/30/16
1788,5/5/16
1789,11/29/15
1790,1/6/16
1791,5/6/16
1792,2/29/16
1793,2/4/16
1794,2/7/16
1795,1/2/16
1796,4/30/16
1797,11/21/15
1798,2/3/16
1799,1/6/16
1800,3/30/16
1801,3/31/16
1802,11/24/15
1803,11/21/15
1804,12/20/14
1805,3/31/16
1806,3/9/16
1807,12/22/15
1808,2/14/16
1809,2/5/16
1810,10/14/15
1811,3/8/16
1812,3/9/16
1813,1/12/16
1814,1/5/16
1815,1/19/16
1816,2/6/16
1817,3/9/16
1818,12/28/15
1819,12/27/15
1820,12/28/15
1821,1/11/16
1822,1/12/16
1823,1/1/16
1824,1/5/16
1825,3/9/16
1826,1/6/16
1827,2/29/16
1828,2/29/16
1829,3/31/16
1830,3/31/16
1831,1/30/16
1832,2/7/16
1833,1/5/16
1834,1/15/16
1835,1/9/16
1836,9/29/15
1837,12/21/15
1838,1/30/16
1839,1/9/16
1840,3/30/16
1841,1/3/16
1842,1/13/16
1843,1/2/16
1844,1/2/16
1845,2/1/16
1846,1/5/16
1847,1/4/16
1848,1/5/16
1849,1/4/16
1850,1/4/16
1851,12/29/15
1852,1/3/16
1853,12/30/15
1854,1/30/16
1855,1/9/16
1856,1/2/16
1857,11/30/15
1858,2/5/16
1859,3/31/16
1860,1/26/16
1861,1/5/16
1862,2/6/16
1863,11/29/15
1864,1/14/16
1865,1/3/16
1866,11/30/15
1867,1/5/16
1868,1/9/16
1869,1/5/16
1870,1/30/16
1871,12/13/15
1872,12/21/15
1873,1/30/16
1874,11/30/15
1875,12/1/15
1876,11/28/15
1877,11/29/15
1878,3/31/16
1879,1/5/16
1880,12/16/15
1881,3/9/16
1882,12/19/15
1883,1/5/16
1884,10/24/14
1885,12/31/15
1886,1/30/16
1887,12/28/15
1888,1/31/16
1889,1/28/16
1890,1/28/16
1891,1/4/16
1892,1/19/16
1893,1/3/16
1894,1/14/16
1895,12/27/15
1896,2/2/16
1897,12/30/15
1898,12/18/15
1899,2/14/16
1900,12/9/15
1901,12/31/15
1902,2/14/16
1903,3/8/16
1904,4/1/16
1905,1/13/16
1906,12/19/15
1907,2/9/16
1908,1/14/16
1909,1/14/16
1910,1/14/16
1911,1/5/16
1912,1/3/16
1913,12/8/15
1914,11/3/15
1915,1/5/16
1916,12/20/15
1917,1/3/16
1918,1/30/16
1919,12/11/15
1920,1/12/16
1921,11/30/15
1922,11/30/15
1923,1/5/16
1924,2/16/16
1925,1/9/16
1926,1/5/16
1927,1/2/16
1928,1/4/16
1929,1/13/16
1930,1/7/16
1931,11/29/15
1932,1/26/16
1933,1/14/16
1934,1/5/16
1935,10/21/15
1936,1/4/16
1937,1/3/16
1938,12/31/15
1939,12/31/15
1940,1/13/16
1941,1/5/16
1942,12/23/15
1943,12/21/15
1944,1/5/16
1945,1/8/16
1946,1/5/16
1947,3/10/16
1948,3/10/16
1949,3/10/16
1950,12/10/15
1951,2/28/16
1952,2/1/16
1953,12/17/15
1954,11/15/15
1955,12/4/15
1956,1/9/16
1957,2/9/16
1958,12/15/15
1959,2/8/16
1960,1/10/16
1961,12/20/15
1962,1/12/16
1963,12/28/15
1964,1/18/16
1965,3/11/16
1966,1/5/16
1967,1/6/16
1968,12/30/15
1969,12/29/15
1970,12/30/15
1971,12/29/15
1972,12/28/15
1973,12/30/15
1974,1/1/16
1975,11/27/15
1976,1/9/16
1977,1/6/16
1978,12/30/15
1979,1/30/16
1980,1/9/16
1981,1/9/16
1982,1/9/16
1983,1/18/16
1984,1/9/16
1985,12/23/15
1986,12/19/15
1987,1/3/16
1988,1/3/16
1989,1/1/16
1990,1/8/16
1991,1/4/16
1992,12/26/15
1993,12/26/15
1994,1/3/16
1995,1/5/16
1996,1/6/16
1997,1/9/16
1998,3/29/16
1999,2/14/16
2000,3/22/16
2001,11/16/15
2002,3/11/16
2003,3/10/16
2004,2/11/16
2005,1/5/16
2006,1/3/16
2007,1/14/16
2008,1/30/16
2009,10/7/15
2010,1/14/16
2011,1/10/16
2012,2/11/16
2013,12/19/15
2014,1/25/16
2015,12/12/15
2016,2/3/16
2017,1/28/16
2018,1/29/16
2019,2/19/16
2020,12/31/15
2021,1/11/16
2022,11/29/15
2023,1/14/16
2024,12/30/15
2025,1/25/16
2026,1/24/16
2027,2/8/16
2028,1/5/16
2029,1/5/16
2030,2/26/16
2031,1/14/16
2032,1/5/16
2033,11/30/15
2034,1/3/16
2035,3/17/16
2036,2/28/16
2037,2/14/16
2038,11/29/15
2039,1/5/16
2040,1/8/16
2041,3/5/16
2042,3/5/16
2043,10/10/15
2044,11/5/15
2045,1/5/16
2046,1/14/16
2047,1/4/15
2048,12/12/15
2049,11/28/15
2050,1/7/16
2051,1/1/16
2052,1/9/16
2053,1/3/16
2054,1/3/16
2055,11/29/15
2056,2/3/16
2057,1/5/16
2058,1/5/16
2059,1/5/16
2060,1/30/16
2061,1/10/16
2062,1/5/16
2063,1/24/16
2064,2/25/16
2065,1/11/16
2066,3/1/16
2067,11/11/15
2068,1/14/16
2069,12/16/15
2070,1/11/16
2071,1/4/16
2072,11/29/15
2073,11/4/15
2074,1/28/16
2075,1/4/16
2076,2/9/16
2077,12/17/15
2078,11/3/15
2079,1/5/16
2080,2/8/16
2081,2/4/16
2082,1/12/16
2083,1/12/16
2084,1/12/16
2085,2/14/16
2086,2/8/16
2087,1/30/16
2088,1/15/16
2089,1/3/16
2090,1/3/16
2091,12/12/15
2092,12/12/15
2093,11/29/15
2094,1/21/16
2095,11/8/15
2096,12/22/15
2097,2/9/16
2098,1/14/16
2099,1/4/16
2100,2/8/16
2101,12/31/15
2102,12/30/15
2103,2/8/16
2104,1/8/16
2105,1/9/16
2106,1/5/16
2107,1/14/16
2108,1/14/16
2109,12/24/15
2110,12/17/15
2111,12/22/15
2112,1/5/16
2113,1/3/16
2114,2/17/16
2115,1/4/16
2116,1/9/16
2117,10/18/15
2118,12/21/15
2119,12/21/15
2120,1/17/16
2121,2/3/16
2122,1/31/16
2123,1/11/16
2124,11/24/15
2125,12/28/15
2126,11/24/15
2127,11/30/15
2128,11/4/15
2129,1/4/16
2130,1/3/16
2131,1/5/16
2132,1/25/16
2133,12/22/15
2134,1/4/16
2135,1/1/16
2136,1/3/16
2137,2/8/16
2138,1/13/16
2139,10/19/15
2140,1/4/16
2141,12/9/15
2142,1/14/16
2143,12/19/15
2144,1/14/16
2145,1/4/16
2146,12/28/15
2147,11/29/15
2148,12/2/15
2149,12/22/15
2150,10/26/15
2151,12/21/15
2152,2/1/16
2153,2/1/16
2154,2/14/16
2155,1/3/16
2156,12/28/15
2157,12/19/15
2158,1/4/16
2159,12/22/15
2160,1/5/16
2161,1/5/16
2162,12/31/15
2163,1/4/16
2164,12/20/15
2165,1/4/16
2166,1/30/16
2167,12/29/15
2168,1/14/16
2169,12/20/15
2170,1/13/16
2171,12/22/15
2172,1/3/16
2173,2/11/16
2174,2/11/16
2175,1/6/16
2176,12/12/15
2177,12/12/15
2178,1/25/16
2179,12/14/15
2180,11/27/15
2181,12/18/15
2182,1/12/16
2183,12/18/15
2184,2/1/16
2185,1/3/16
2186,10/22/15
2187,11/28/15
2188,1/4/16
2189,11/30/15
2190,12/31/15
2191,1/14/16
2192,12/20/15
2193,11/30/15
2194,12/30/15
2195,1/13/16
2196,1/2/16
2197,1/11/16
2198,12/30/15
2199,11/16/15
2200,1/3/16
2201,11/30/15
2202,11/16/15
2203,11/26/15
2204,1/12/16
2205,1/30/16
2206,1/14/16
2207,1/1/16
2208,12/30/15
2209,11/30/15
2210,11/29/15
2211,11/30/15
2212,11/29/15
2213,12/29/15
2214,11/30/15
2215,11/19/15
2216,12/19/15
2217,12/20/15
2218,11/28/15
2219,1/3/16
2220,1/3/16
2221,11/29/15
2222,1/2/16
2223,1/3/16
2224,12/30/15
2225,1/12/16
2226,12/31/15
2227,1/14/16
2228,1/14/16
2229,9/4/15
2230,1/14/16
2231,1/2/16
2232,1/21/16
2233,2/2/16
2234,1/3/16
2235,12/27/15
2236,11/29/15
2237,1/13/16
2238,1/2/16
2239,1/5/16
2240,12/30/15
2241,2/3/16
2242,12/31/15
2243,12/8/15
2244,12/20/15
2245,1/3/16
2246,12/27/15
2247,2/23/16
2248,11/26/15
2249,1/5/16
2250,1/4/16
2251,1/11/16
2252,1/23/16
2253,11/29/15
2254,11/4/15
2255,12/31/15
2256,1/31/16
2257,11/4/15
2258,1/14/16
2259,2/27/16
2260,2/14/16
2261,2/7/16
2262,2/8/16
2263,1/1/16
2264,1/10/16
2265,10/31/15
2266,1/14/16
2267,2/8/16
2268,12/26/15
2269,1/9/16
2270,2/1/16
2271,12/30/15
2272,12/26/15
2273,1/23/16
2274,1/14/16
2275,1/3/16
2276,1/4/16
2277,1/9/16
2278,1/17/16
2279,1/14/16
2280,1/12/16
2281,12/28/15
2282,2/11/16
2283,1/10/16
2284,1/13/16
2285,1/31/16
2286,1/10/16
2287,11/20/15
2288,1/3/16
2289,1/6/16
2290,12/22/15
2291,11/13/15
2292,11/11/15
2293,11/26/15
2294,1/9/16
2295,1/10/16
2296,1/3/16
2297,1/8/16
2298,1/3/16
2299,11/28/15
2300,1/5/16
2301,12/30/15
2302,12/7/15
2303,11/28/15
2304,1/1/16
2305,1/3/16
2306,1/8/16
2307,1/8/16
2308,12/17/15
2309,1/3/16
2310,1/5/16
2311,1/3/16
2312,10/29/15
2313,1/5/16
2314,1/4/16
2315,12/19/15
2316,1/24/16
2317,11/4/15
2318,11/30/15
2319,1/4/16
2320,11/14/15
2321,1/27/16
2322,11/30/15
2323,12/31/15
2324,1/2/16
2325,1/24/16
2326,1/14/16
2327,12/21/15
2328,12/27/15
2329,11/20/15
2330,1/4/16
2331,12/31/15
2332,11/29/15
2333,1/3/16
2334,12/26/15
2335,1/2/16
2336,1/4/16
2337,11/29/15
2338,1/4/16
2339,1/29/16
2340,12/22/15
2341,11/29/15
2342,11/17/15
2343,10/20/15
2344,10/14/15
2345,11/24/15
2346,11/27/15
2347,11/29/15
2348,10/23/15
2349,1/3/16
2350,1/2/16
2351,1/2/16
2352,11/24/15
2353,12/31/15
2354,12/8/15
2355,11/30/15
2356,11/4/15
2357,11/29/15
2358,1/14/16
2359,1/3/16
2360,11/30/15
2361,1/4/16
2362,1/14/16
2363,1/4/16
2364,11/30/15
2365,1/4/16
2366,11/30/15
2367,1/3/16
2368,1/6/16
2369,1/2/16
2370,1/14/16
2371,12/23/15
2372,12/31/15
2373,1/3/16
2374,1/4/16
2375,1/2/16
2376,1/3/16
2377,1/3/16
2378,1/2/16
2379,1/3/16
2380,1/17/16
2381,12/21/15
2382,12/28/15
2383,12/5/15
2384,1/14/16
2385,1/4/16
2386,12/26/15
2387,2/7/16
2388,12/31/15
2389,11/28/15
2390,12/15/15
2391,2/7/16
2392,1/18/16
2393,1/12/16
2394,1/18/16
2395,12/30/15
2396,1/19/16
2397,1/17/16
2398,1/3/16
2399,12/8/15
2400,1/5/14
2401,2/7/14
2402,11/16/15
2403,1/1/16
2404,1/14/16
2405,12/20/15
2406,12/27/15
2407,11/30/15
2408,12/27/15
2409,1/22/16
2410,1/4/16
2411,1/5/16
2412,1/5/16
2413,11/30/15
2414,11/14/15
2415,11/29/15
2416,2/5/16
2417,12/31/15
2418,12/2/15
2419,11/23/15
2420,11/28/15
2421,11/30/15
2422,10/26/15
2423,11/29/15
2424,11/29/15
2425,11/29/15
2426,11/14/15
2427,11/30/15
2428,11/28/15
2429,11/30/15
2430,11/30/15
2431,11/29/15
2432,11/28/15
2433,10/8/15
2434,12/7/15
2435,11/24/15
2436,11/28/15
2437,11/2/15
2438,1/10/16
2439,11/10/15
2440,11/29/15
2441,1/3/16
2442,1/1/16
2443,11/30/15
2444,11/29/15
2445,11/29/15
2446,11/23/15
2447,11/29/15
2448,11/15/15
2449,11/27/15
2450,11/29/15
2451,11/12/15
2452,11/13/15
2453,12/28/15
2454,11/29/15
2455,1/3/16
2456,10/7/15
2457,1/3/16
2458,11/4/15
2459,1/3/16
2460,1/20/16
2461,11/4/15
2462,11/3/15
2463,11/3/15
2464,11/17/15
2465,11/4/15
2466,11/29/15
2467,11/8/15
2468,11/4/15
2469,1/4/16
2470,11/27/15
2471,11/4/15
2472,1/26/16
2473,1/2/16
2474,11/27/15
2475,12/29/15
2476,11/20/15
2477,11/28/15
2478,12/17/15
2479,12/18/14
2480,12/7/15
2481,11/30/15
2482,11/5/15
2483,1/14/16
2484,11/30/15
2485,11/14/15
2486,11/8/15
2487,1/2/16
2488,10/20/15
2489,12/17/15
2490,12/9/15
2491,10/19/15
2492,10/19/15
2493,10/19/15
2494,11/14/15
2495,1/12/16
2496,1/10/16
2497,12/31/15
2498,12/25/15
2499,12/25/15
2500,12/23/15
2501,11/28/15
2502,1/4/16
2503,11/29/15
2504,1/10/16
2505,11/21/15
2506,11/16/15
2507,12/15/15
2508,1/10/16
2509,11/14/15
2510,11/13/15
2511,1/5/15
2512,12/22/15
2513,10/29/15
2514,12/9/15
2515,12/12/15
2516,12/12/15
2517,12/12/15
2518,11/7/15
2519,5/3/14
2520,10/14/15
2521,11/14/15
2522,11/14/15
2523,12/1/15
2524,12/21/15
2525,1/2/16
2526,1/4/15
2527,11/29/15
2528,10/14/15
2529,11/30/15
2530,12/21/14
2531,10/14/15
2532,12/16/14
2533,12/16/14
2534,3/17/15
2535,9/19/15
2536,11/21/15
2537,9/20/15
2538,11/8/15
2539,10/14/15
2540,1/12/15
2541,9/29/15
2542,9/29/15
2543,9/30/15
2544,9/30/15
2545,9/7/14
2546,11/18/14
2547,9/30/15
2548,9/30/15
2549,1/27/15
2550,1/26/15
2551,3/17/15
2552,11/25/14
2553,2/21/15
2554,10/14/15
2555,10/30/13
2556,11/29/13
2557,11/30/13
2558,9/13/15
2559,1/18/12
2560,1/7/15
2561,1/22/15
2562,7/29/15
2563,4/30/14
2564,12/30/13
2565,6/17/15
2566,1/31/15
2567,1/5/15
2568,12/28/14
2569,1/4/15
2570,1/4/15
2571,12/28/14
2572,6/15/15
2573,12/7/14
2574,12/7/14
2575,12/7/14
2576,6/17/15
2577,5/28/15
2578,3/29/15
2579,3/30/15
2580,6/11/15
2581,3/26/15
2582,3/9/15
2583,3/14/15
2584,3/29/15
2585,5/30/15
2586,1/14/15
2587,1/14/15
2588,1/5/15
2589,1/18/15
2590,4/28/15
2591,1/5/15
2592,2/6/15
2593,1/2/13
2594,12/29/14
2595,12/8/14
2596,11/23/14
2597,12/30/14
2598,1/18/15
2599,1/24/15
2600,1/21/15
2601,1/20/15
2602,12/11/14
2603,10/30/14
2604,3/31/15
2605,3/30/15
2606,1/14/15
2607,1/14/15
2608,11/29/14
2609,3/10/15
2610,12/2/14
2611,1/31/15
2612,12/14/14
2613,1/8/15
2614,1/26/15
2615,3/12/15
2616,3/10/15
2617,2/7/15
2618,1/6/15
2619,3/10/15
2620,3/10/15
2621,4/8/15
2622,3/29/15
2623,12/15/14
2624,1/30/15
2625,11/29/14
2626,11/29/14
2627,1/5/15
2628,1/30/15
2629,2/8/15
2630,2/6/15
2631,1/14/15
2632,1/4/15
2633,1/14/15
2634,12/30/14
2635,12/23/14
2636,4/12/15
2637,1/4/15
2638,2/6/15
2639,1/4/15
2640,1/4/15
2641,1/4/15
2642,1/4/15
2643,12/31/14
2644,1/25/15
2645,3/21/15
2646,2/24/15
2647,1/29/15
2648,12/22/14
2649,3/19/15
2650,4/1/15
2651,1/14/15
2652,12/29/14
2653,3/31/15
2654,4/16/15
2655,4/2/15
2656,12/29/14
2657,11/30/14
2658,3/22/15
2659,12/29/14
2660,2/3/15
2661,3/9/15
2662,11/3/14
2663,11/10/14
2664,1/18/15
2665,1/14/15
2666,2/5/15
2667,3/8/15
2668,12/17/13
2669,1/22/15
2670,10/23/14
2671,2/2/15
2672,3/20/15
2673,3/16/15
2674,3/29/15
2675,1/28/15
2676,1/10/15
2677,2/11/15
2678,11/30/14
2679,2/14/15
2680,1/19/15
2681,12/18/14
2682,11/30/14
2683,1/26/15
2684,2/2/15
2685,4/15/15
2686,3/30/15
2687,2/7/15
2688,12/21/14
2689,3/11/15
2690,1/6/15
2691,1/21/15
2692,9/26/14
2693,12/1/14
2694,1/29/15
2695,2/14/15
2696,1/14/15
2697,2/1/15
2698,1/17/15
2699,2/14/15
2700,1/14/15
2701,1/5/15
2702,1/6/15
2703,1/21/15
2704,1/12/15
2705,2/9/15
2706,2/27/15
2707,1/5/15
2708,2/20/15
2709,11/30/14
2710,1/5/15
2711,1/3/15
2712,2/7/15
2713,1/5/15
2714,1/11/15
2715,3/16/15
2716,1/14/15
2717,3/21/15
2718,12/29/14
2719,1/4/15
2720,1/14/15
2721,1/6/15
2722,12/25/14
2723,1/5/15
2724,12/18/14
2725,11/20/14
2726,1/6/15
2727,1/6/15
2728,1/2/15
2729,1/26/15
2730,1/22/15
2731,2/7/15
2732,12/31/14
2733,2/1/15
2734,1/12/15
2735,12/21/14
2736,2/9/15
2737,12/9/14
2738,1/14/15
2739,7/9/13
2740,12/3/14
2741,3/29/15
2742,11/30/14
2743,1/13/15
2744,12/10/14
2745,4/5/15
2746,1/25/15
2747,1/14/15
2748,2/4/15
2749,11/9/14
2750,3/15/15
2751,2/10/15
2752,1/5/15
2753,1/5/15
2754,3/1/15
2755,1/19/15
2756,1/14/15
2757,11/28/14
2758,2/5/15
2759,1/7/15
2760,2/2/15
2761,11/3/14
2762,1/10/15
2763,1/22/15
2764,12/13/14
2765,2/26/15
2766,2/14/15
2767,2/10/15
2768,1/3/15
2769,1/5/15
2770,1/5/15
2771,1/12/15
2772,1/19/15
2773,1/1/15
2774,1/14/15
2775,2/7/15
2776,1/14/15
2777,1/14/15
2778,12/7/14
2779,1/10/15
2780,11/30/14
2781,1/9/15
2782,1/12/15
2783,1/30/14
2784,2/7/15
2785,12/22/14
2786,12/19/14
2787,1/11/15
2788,12/29/14
2789,1/9/15
2790,1/3/15
2791,1/20/15
2792,1/31/15
2793,1/12/15
2794,3/18/15
2795,1/4/15
2796,1/4/15
2797,1/16/15
2798,1/6/15
2799,1/6/15
2800,1/6/15
2801,1/4/15
2802,2/7/15
2803,1/5/15
2804,3/12/15
2805,2/28/15
2806,3/14/15
2807,1/4/15
2808,2/14/15
2809,12/28/14
2810,12/22/14
2811,11/30/14
2812,3/12/15
2813,2/25/15
2814,1/14/15
2815,2/11/15
2816,1/5/15
2817,1/11/15
2818,1/14/15
2819,1/7/15
2820,11/29/14
2821,11/20/14
2822,1/30/15
2823,1/2/15
2824,1/19/15
2825,1/4/15
2826,1/4/15
2827,3/19/15
2828,12/24/14
2829,12/26/14
2830,10/13/14
2831,12/26/14
2832,3/5/15
2833,1/26/15
2834,1/29/15
2835,1/19/15
2836,11/29/14
2837,1/31/15
2838,2/9/15
2839,11/30/14
2840,1/19/15
2841,11/30/14
2842,1/29/15
2843,1/30/15
2844,1/26/15
2845,1/29/15
2846,12/2/14
2847,10/16/14
2848,1/14/15
2849,2/4/15
2850,1/5/15
2851,1/5/15
2852,2/11/15
2853,1/30/15
2854,1/29/15
2855,2/9/15
2856,3/29/15
2857,2/3/15
2858,1/10/15
2859,11/30/14
2860,11/30/14
2861,2/2/15
2862,11/27/14
2863,2/8/15
2864,1/6/15
2865,1/17/15
2866,11/30/14
2867,1/4/15
2868,1/5/15
2869,2/4/15
2870,9/18/14
2871,3/14/15
2872,1/14/15
2873,10/30/14
2874,2/22/15
2875,1/4/15
2876,2/10/15
2877,10/31/14
2878,2/9/15
2879,2/27/15
2880,1/6/15
2881,3/14/15
2882,1/31/15
2883,2/1/15
2884,12/16/14
2885,12/31/14
2886,3/15/15
2887,3/19/15
2888,3/16/15
2889,2/8/15
2890,2/22/15
2891,1/14/15
2892,2/14/15
2893,1/4/15
2894,1/14/15
2895,1/31/15
2896,2/14/15
2897,1/14/15
2898,11/30/14
2899,1/5/15
2900,1/5/15
2901,1/4/15
2902,12/28/14
2903,1/5/15
2904,1/28/15
2905,1/4/15
2906,12/29/14
2907,11/30/14
2908,1/30/15
2909,1/3/15
2910,1/12/15
2911,1/5/15
2912,12/7/14
2913,12/7/14
2914,12/7/14
2915,11/7/14
2916,12/23/14
2917,11/9/14
2918,1/4/15
2919,1/4/15
2920,1/20/15
2921,1/11/15
2922,1/7/15
2923,2/14/15
2924,1/4/15
2925,1/29/15
2926,12/28/14
2927,1/21/15
2928,1/5/15
2929,1/2/15
2930,2/1/15
2931,1/25/15
2932,1/25/15
2933,10/14/14
2934,1/15/15
2935,10/14/14
2936,12/11/14
2937,10/10/14
2938,1/12/15
2939,12/31/14
2940,1/14/15
2941,1/2/15
2942,1/26/15
2943,2/9/15
2944,2/10/15
2945,11/12/14
2946,2/5/15
2947,2/10/15
2948,2/10/15
2949,1/6/15
2950,11/9/14
2951,1/4/15
2952,2/7/15
2953,1/29/15
2954,1/1/15
2955,12/21/14
2956,12/7/14
2957,12/16/14
2958,2/3/15
2959,12/30/14
2960,12/30/14
2961,12/27/14
2962,1/6/15
2963,1/13/15
2964,12/28/14
2965,12/21/14
2966,1/31/15
2967,1/3/15
2968,1/11/15
2969,1/3/15
2970,12/7/14
2971,1/4/15
2972,1/5/15
2973,12/2/14
2974,1/14/15
2975,1/1/15
2976,1/5/15
2977,1/5/15
2978,11/30/14
2979,1/5/15
2980,12/23/14
2981,12/23/14
2982,12/26/14
2983,1/5/15
2984,1/5/15
2985,1/30/15
2986,1/5/15
2987,1/15/15
2988,11/29/14
2989,10/9/13
2990,11/28/14
2991,11/28/14
2992,1/2/15
2993,1/14/15
2994,10/31/14
2995,1/4/15
2996,2/18/15
2997,11/28/14
2998,2/6/15
2999,1/4/15
3000,1/4/15
3001,1/4/15
3002,1/5/15
3003,1/4/15
3004,11/29/14
3005,1/5/15
3006,1/5/15
3007,12/20/14
3008,2/12/15
3009,1/4/15
3010,11/30/14
3011,12/15/14
3012,1/4/15
3013,11/30/14
3014,12/23/14
3015,1/20/15
3016,2/9/15
3017,1/14/15
3018,1/13/15
3019,1/10/15
3020,12/3/14
3021,11/30/14
3022,10/30/14
3023,1/2/15
3024,1/14/15
3025,1/14/15
3026,1/12/15
3027,2/26/15
3028,1/17/15
3029,12/15/14
3030,1/30/15
3031,3/1/15
3032,1/14/15
3033,2/1/15
3034,2/1/15
3035,11/30/14
3036,1/2/15
3037,11/28/14
3038,11/10/14
3039,11/30/14
3040,1/14/15
3041,1/3/15
3042,1/4/15
3043,11/30/14
3044,11/20/14
3045,12/9/12
3046,1/2/13
3047,1/16/13
3048,1/4/15
3049,1/3/15
3050,1/2/15
3051,1/14/15
3052,1/5/15
3053,1/4/15
3054,1/5/15
3055,12/24/14
3056,1/2/15
3057,1/5/15
3058,12/29/14
3059,12/23/14
3060,10/28/14
3061,1/4/15
3062,1/1/15
3063,1/5/15
3064,1/4/15
3065,1/4/15
3066,12/30/14
3067,1/4/15
3068,1/4/15
3069,1/4/15
3070,12/29/14
3071,1/4/15
3072,1/2/15
3073,11/28/14
3074,1/3/15
3075,1/3/15
3076,12/26/14
3077,1/2/15
3078,1/4/15
3079,1/5/15
3080,1/3/15
3081,1/13/15
3082,12/27/14
3083,12/31/14
3084,11/11/14
3085,1/5/15
3086,1/4/15
3087,1/11/15
3088,12/14/14
3089,1/5/15
3090,1/4/15
3091,12/5/14
3092,1/4/15
3093,1/9/15
3094,2/7/15
3095,12/25/14
3096,12/11/14
3097,12/25/14
3098,12/22/14
3099,12/20/14
3100,1/5/15
3101,12/6/14
3102,11/30/14
3103,12/19/14
3104,1/31/15
3105,12/21/14
3106,11/29/14
3107,10/14/14
3108,1/4/15
3109,11/6/14
3110,12/21/14
3111,1/5/15
3112,12/30/14
3113,11/8/14
3114,11/8/14
3115,11/8/14
3116,11/8/14
3117,1/4/15
3118,12/28/14
3119,1/21/15
3120,1/5/15
3121,12/29/14
3122,1/9/15
3123,11/20/14
3124,12/18/14
3125,12/22/14
3126,1/4/15
3127,12/23/14
3128,12/29/14
3129,10/19/14
3130,10/12/14
3131,11/29/14
3132,11/29/14
3133,10/21/14
3134,12/7/14
3135,12/5/14
3136,11/11/14
3137,11/30/14
3138,11/8/14
3139,1/3/15
3140,2/4/15
3141,12/28/14
3142,11/21/14
3143,1/4/15
3144,1/24/15
3145,2/16/15
3146,1/4/15
3147,1/4/15
3148,12/28/14
3149,1/4/15
3150,11/15/14
3151,1/4/15
3152,12/21/14
3153,2/2/15
3154,2/3/15
3155,11/28/14
3156,12/28/14
3157,12/25/14
3158,1/4/15
3159,11/10/14
3160,1/31/15
3161,1/1/15
3162,1/4/15
3163,1/4/15
3164,1/4/15
3165,1/2/15
3166,12/26/14
3167,12/23/14
3168,1/4/15
3169,12/8/14
3170,1/13/15
3171,9/23/14
3172,12/28/14
3173,12/26/14
3174,1/2/15
3175,9/21/14
3176,1/14/15
3177,1/24/15
3178,1/10/15
3179,12/30/14
3180,10/25/14
3181,12/11/14
3182,12/7/14
3183,12/29/14
3184,12/29/14
3185,12/20/14
3186,11/27/14
3187,1/7/15
3188,12/11/14
3189,11/29/14
3190,1/23/15
3191,11/28/14
3192,2/9/15
3193,2/9/15
3194,2/2/15
3195,11/30/14
3196,9/29/14
3197,1/13/15
3198,12/11/14
3199,12/22/14
3200,1/3/15
3201,10/22/14
3202,11/22/14
3203,12/20/14
3204,11/29/14
3205,12/18/14
3206,10/14/14
3207,11/28/14
3208,11/8/14
3209,2/6/15
3210,12/29/14
3211,10/13/14
3212,11/29/14
3213,11/29/14
3214,11/30/14
3215,11/29/14
3216,11/30/14
3217,11/29/14
3218,11/30/14
3219,11/20/14
3220,1/14/15
3221,11/29/14
3222,11/29/14
3223,11/29/14
3224,11/30/14
3225,1/4/15
3226,11/29/14
3227,11/2/14
3228,12/23/14
3229,1/15/15
3230,1/6/15
3231,1/31/15
3232,1/1/15
3233,11/30/14
3234,1/31/15
3235,1/23/15
3236,1/22/15
3237,1/14/15
3238,12/31/14
3239,1/14/15
3240,11/30/14
3241,1/3/15
3242,11/2/14
3243,1/28/15
3244,1/4/15
3245,11/10/14
3246,12/23/14
3247,11/28/14
3248,1/5/15
3249,11/8/14
3250,11/10/14
3251,1/7/15
3252,11/22/14
3253,10/16/14
3254,10/15/14
3255,10/27/14
3256,10/14/14
3257,11/8/14
3258,11/8/14
3259,6/18/14
3260,11/5/14
3261,12/31/14
3262,11/23/14
3263,1/6/15
3264,1/11/15
3265,1/6/15
3266,1/6/15
3267,11/30/14
3268,1/14/15
3269,1/12/15
3270,1/26/15
3271,1/19/15
3272,11/26/14
3273,11/28/14
3274,11/19/14
3275,11/29/14
3276,10/13/14
3277,11/8/14
3278,1/2/13
3279,12/6/12
3280,10/31/12
3281,1/2/13
3282,12/22/14
3283,1/18/15
3284,1/18/15
3285,11/9/14
3286,11/11/14
3287,1/10/15
3288,1/10/15
3289,11/2/14
3290,12/11/14
3291,1/9/15
3292,11/20/14
3293,1/17/15
3294,11/21/14
3295,12/2/14
3296,12/2/14
3297,10/22/14
3298,11/5/14
3299,1/17/15
3300,11/6/14
3301,1/14/15
3302,11/9/14
3303,11/9/14
3304,11/25/14
3305,1/14/15
3306,11/9/14
3307,11/12/14
3308,10/9/14
3309,11/29/14
3310,11/9/14
3311,11/9/14
3312,11/21/14
3313,10/14/14
3314,11/11/14
3315,11/21/14
3316,11/9/14
3317,12/29/14
3318,12/29/14
3319,9/30/14
3320,12/14/14
3321,12/1/14
3322,12/9/14
3323,12/1/14
3324,11/22/14
3325,11/21/14
3326,9/30/14
3327,10/14/14
3328,9/29/14
3329,12/14/14
3330,10/11/14
3331,10/10/14
3332,10/9/14
3333,10/14/14
3334,10/14/14
3335,10/8/14
3336,10/13/14
3337,10/14/14
3338,10/12/14
3339,11/19/14
3340,2/16/14
3341,2/14/14
3342,11/4/14
3343,11/30/14
3344,11/29/14
3345,1/9/14
3346,11/29/14
3347,11/30/14
3348,8/26/14
3349,11/29/14
3350,11/24/14
3351,11/24/14
3352,9/30/14
3353,9/30/14
3354,1/1/14
3355,1/1/14
3356,9/29/14
3357,10/12/13
3358,3/13/12
3359,9/14/14
3360,9/30/14
3361,11/29/13
3362,1/21/14
3363,12/27/13
3364,2/16/14
3365,1/30/14
3366,11/8/13
3367,9/25/13
3368,2/22/14
3369,11/29/13
3370,3/10/14
3371,2/15/14
3372,4/3/14
3373,1/5/14
3374,2/10/14
3375,12/31/13
3376,12/31/13
3377,3/3/14
3378,6/14/14
3379,11/29/13
3380,1/1/14
3381,1/2/14
3382,2/23/14
3383,12/30/13
3384,6/11/14
3385,6/17/14
3386,5/30/14
3387,1/26/14
3388,1/29/14
3389,1/29/14
3390,6/19/14
3391,6/29/14
3392,4/2/14
3393,3/6/14
3394,1/30/14
3395,1/23/14
3396,6/17/14
3397,1/31/14
3398,2/3/14
3399,2/12/14
3400,2/10/14
3401,3/24/14
3402,4/29/14
3403,4/26/14
3404,5/30/14
3405,2/28/14
3406,1/30/14
3407,2/8/14
3408,12/30/13
3409,2/7/14
3410,2/25/13
3411,4/25/14
3412,5/3/14
3413,3/12/14
3414,5/4/14
3415,3/31/14
3416,4/6/14
3417,10/4/13
3418,1/23/14
3419,1/26/14
3420,3/10/14
3421,3/30/14
3422,1/16/14
3423,12/26/13
3424,11/27/13
3425,12/14/13
3426,4/9/14
3427,3/27/14
3428,1/31/14
3429,12/31/13
3430,2/13/14
3431,4/25/14
3432,3/19/14
3433,1/29/14
3434,3/5/14
3435,1/28/14
3436,1/31/14
3437,3/31/14
3438,10/27/13
3439,3/25/14
3440,4/3/14
3441,12/17/13
3442,11/30/13
3443,4/10/14
3444,2/26/14
3445,3/10/14
3446,3/10/14
3447,3/12/14
3448,2/9/14
3449,3/10/14
3450,2/7/14
3451,2/19/14
3452,2/5/14
3453,3/9/14
3454,12/12/13
3455,2/23/14
3456,2/26/14
3457,12/31/13
3458,3/26/14
3459,12/15/13
3460,11/30/13
3461,1/1/14
3462,1/5/14
3463,4/19/14
3464,1/1/14
3465,11/30/13
3466,12/9/13
3467,2/26/14
3468,3/13/14
3469,1/2/14
3470,1/13/14
3471,1/5/14
3472,12/11/13
3473,12/30/13
3474,1/18/14
3475,1/28/14
3476,12/31/13
3477,12/23/13
3478,12/20/13
3479,11/14/13
3480,1/5/14
3481,2/6/14
3482,1/1/14
3483,2/28/14
3484,12/12/13
3485,12/30/13
3486,1/27/14
3487,12/4/13
3488,12/22/13
3489,3/27/14
3490,3/7/14
3491,3/13/14
3492,12/31/13
3493,2/11/14
3494,4/19/14
3495,2/21/14
3496,3/28/14
3497,2/11/14
3498,11/15/13
3499,12/27/12
3500,2/19/14
3501,11/30/13
3502,12/30/13
3503,1/16/14
3504,1/9/14
3505,1/2/14
3506,1/26/14
3507,2/3/14
3508,3/18/14
3509,3/23/14
3510,1/30/14
3511,1/13/14
3512,2/13/14
3513,3/18/14
3514,2/26/14
3515,2/14/14
3516,12/11/13
3517,2/3/14
3518,2/7/14
3519,1/14/14
3520,1/26/14
3521,1/29/14
3522,12/29/13
3523,1/21/14
3524,1/31/14
3525,2/6/14
3526,11/11/13
3527,12/20/13
3528,12/5/13
3529,1/5/14
3530,11/27/13
3531,1/14/14
3532,2/27/14
3533,11/26/13
3534,1/30/14
3535,1/29/14
3536,11/26/13
3537,12/17/13
3538,12/15/13
3539,12/2/13
3540,12/18/13
3541,1/6/14
3542,9/24/13
3543,1/31/14
3544,1/14/14
3545,1/29/14
3546,1/4/14
3547,4/10/14
3548,1/29/14
3549,2/6/14
3550,12/30/13
3551,3/10/14
3552,3/31/14
3553,1/19/14
3554,2/7/14
3555,11/26/13
3556,11/29/13
3557,12/17/13
3558,10/28/13
3559,11/26/13
3560,11/18/13
3561,2/27/14
3562,3/7/14
3563,2/6/14
3564,12/31/13
3565,1/1/14
3566,2/1/14
3567,2/5/14
3568,2/13/14
3569,11/29/13
3570,1/6/14
3571,4/7/14
3572,11/10/13
3573,11/10/13
3574,9/29/13
3575,11/29/13
3576,11/6/13
3577,2/4/14
3578,3/4/14
3579,2/9/14
3580,11/29/13
3581,1/19/14
3582,11/29/13
3583,12/30/13
3584,1/29/14
3585,2/3/14
3586,3/30/14
3587,1/22/14
3588,2/14/14
3589,2/13/14
3590,1/31/14
3591,12/30/13
3592,1/16/14
3593,12/19/13
3594,3/25/14
3595,12/8/13
3596,1/6/14
3597,1/1/14
3598,2/9/14
3599,12/31/13
3600,11/30/13
3601,1/14/14
3602,3/31/14
3603,11/7/13
3604,3/29/14
3605,1/31/14
3606,2/6/14
3607,11/14/13
3608,10/31/13
3609,1/30/14
3610,1/10/14
3611,1/12/14
3612,1/14/14
3613,1/12/14
3614,3/28/14
3615,1/18/14
3616,1/23/14
3617,3/12/14
3618,3/27/14
3619,12/26/13
3620,12/12/13
3621,1/29/14
3622,2/13/14
3623,1/1/14
3624,1/19/14
3625,1/31/14
3626,2/16/14
3627,1/30/14
3628,2/5/14
3629,2/19/14
3630,1/1/14
3631,1/7/14
3632,1/21/14
3633,12/17/13
3634,12/14/13
3635,12/14/13
3636,12/14/13
3637,3/11/14
3638,1/19/14
3639,12/9/13
3640,1/22/14
3641,3/9/14
3642,2/16/14
3643,2/1/14
3644,1/14/14
3645,11/24/13
3646,12/31/13
3647,2/14/14
3648,1/1/14
3649,1/7/14
3650,12/31/13
3651,11/12/13
3652,1/17/14
3653,1/5/14
3654,3/26/14
3655,3/1/14
3656,1/30/14
3657,12/31/13
3658,2/3/14
3659,2/9/14
3660,1/23/14
3661,12/30/13
3662,12/14/13
3663,2/12/14
3664,1/12/14
3665,11/19/13
3666,1/5/14
3667,1/14/14
3668,12/11/13
3669,1/5/14
3670,12/11/13
3671,2/27/14
3672,12/17/13
3673,11/29/13
3674,12/4/13
3675,1/1/14
3676,2/14/14
3677,2/5/14
3678,1/21/14
3679,1/5/14
3680,11/30/13
3681,1/1/14
3682,11/30/13
3683,11/25/13
3684,12/31/13
3685,3/25/14
3686,1/30/14
3687,2/7/14
3688,1/1/14
3689,12/30/13
3690,12/30/13
3691,12/30/13
3692,12/30/13
3693,11/29/13
3694,12/30/13
3695,12/30/13
3696,12/30/13
3697,12/17/13
3698,11/24/13
3699,1/5/14
3700,11/30/13
3701,1/1/14
3702,12/20/13
3703,12/10/13
3704,11/29/13
3705,11/27/13
3706,12/28/13
3707,1/30/14
3708,1/21/14
3709,1/2/14
3710,1/12/14
3711,11/30/13
3712,1/2/14
3713,12/30/13
3714,1/6/14
3715,12/29/13
3716,1/1/14
3717,12/31/13
3718,11/30/13
3719,11/21/13
3720,2/1/14
3721,2/24/14
3722,11/13/13
3723,12/14/13
3724,12/19/13
3725,3/30/14
3726,1/19/14
3727,11/30/13
3728,1/1/14
3729,1/14/14
3730,3/10/14
3731,2/14/14
3732,2/7/14
3733,3/13/14
3734,1/16/14
3735,1/20/14
3736,12/9/13
3737,2/4/14
3738,12/12/13
3739,1/14/14
3740,2/6/14
3741,1/29/14
3742,1/28/14
3743,1/29/14
3744,1/13/14
3745,1/21/14
3746,1/21/14
3747,11/6/13
3748,1/19/14
3749,1/14/14
3750,1/1/14
3751,12/29/13
3752,2/13/14
3753,12/19/13
3754,2/14/14
3755,3/10/14
3756,12/24/13
3757,12/10/13
3758,12/17/13
3759,12/3/13
3760,12/25/13
3761,12/19/13
3762,12/19/13
3763,12/31/13
3764,1/2/14
3765,12/30/13
3766,1/5/14
3767,1/17/14
3768,1/7/14
3769,12/6/13
3770,1/25/14
3771,1/5/14
3772,12/19/13
3773,1/29/14
3774,1/29/14
3775,1/13/14
3776,1/16/14
3777,1/22/14
3778,1/30/14
3779,12/15/13
3780,1/31/14
3781,1/2/14
3782,12/30/13
3783,1/6/14
3784,1/5/14
3785,1/2/14
3786,1/27/14
3787,12/24/13
3788,12/26/13
3789,12/22/13
3790,12/25/13
3791,1/20/14
3792,1/30/14
3793,11/13/13
3794,12/18/13
3795,11/27/13
3796,12/16/13
3797,1/16/14
3798,12/9/13
3799,1/4/14
3800,12/16/13
3801,12/31/13
3802,11/26/13
3803,12/30/13
3804,11/24/13
3805,1/21/14
3806,1/6/14
3807,12/29/13
3808,1/2/14
3809,1/14/14
3810,1/9/14
3811,1/9/14
3812,12/4/13
3813,12/17/13
3814,12/29/13
3815,12/31/13
3816,1/14/14
3817,1/14/14
3818,11/19/13
3819,11/19/13
3820,1/13/14
3821,12/26/13
3822,12/30/13
3823,12/27/13
3824,2/23/14
3825,12/11/13
3826,12/11/13
3827,1/12/14
3828,3/2/14
3829,1/20/14
3830,12/12/13
3831,1/21/14
3832,12/4/13
3833,11/27/13
3834,12/18/13
3835,12/22/13
3836,11/12/13
3837,12/4/13
3838,12/5/13
3839,1/31/14
3840,2/4/14
3841,2/21/14
3842,12/15/13
3843,1/20/14
3844,3/12/14
3845,2/27/14
3846,2/8/14
3847,1/14/14
3848,12/12/13
3849,12/19/13
3850,12/16/13
3851,12/31/13
3852,1/1/14
3853,1/16/14
3854,12/18/13
3855,1/21/14
3856,11/10/13
3857,11/22/12
3858,1/25/13
3859,12/18/13
3860,12/16/13
3861,1/14/14
3862,12/18/13
3863,1/20/14
3864,2/26/14
3865,1/26/14
3866,11/30/13
3867,1/6/14
3868,2/13/14
3869,2/7/14
3870,1/1/14
3871,1/5/14
3872,1/14/14
3873,2/13/14
3874,1/17/14
3875,1/28/14
3876,1/30/14
3877,1/20/14
3878,12/30/13
3879,1/2/14
3880,1/22/14
3881,10/13/13
3882,2/3/14
3883,1/31/14
3884,12/23/13
3885,1/14/14
3886,12/18/13
3887,2/2/14
3888,12/31/13
3889,1/14/14
3890,1/4/14
3891,1/16/14
3892,1/4/14
3893,1/14/14
3894,1/13/14
3895,1/13/14
3896,12/15/13
3897,12/13/13
3898,1/1/14
3899,1/14/14
3900,1/13/14
3901,1/5/14
3902,1/31/14
3903,1/14/14
3904,1/29/14
3905,1/12/14
3906,12/29/13
3907,1/14/14
3908,12/12/13
3909,1/29/14
3910,1/14/14
3911,1/13/14
3912,1/14/14
3913,12/9/13
3914,1/26/14
3915,3/11/14
3916,12/30/13
3917,1/25/14
3918,1/26/14
3919,2/3/14
3920,12/31/13
3921,1/21/14
3922,1/1/14
3923,1/1/14
3924,1/1/14
3925,12/31/13
3926,1/1/14
3927,12/31/13
3928,11/27/13
3929,12/14/13
3930,11/9/13
3931,1/1/14
3932,11/25/13
3933,1/1/14
3934,1/1/14
3935,1/1/14
3936,11/8/13
3937,1/1/14
3938,1/1/14
3939,12/31/13
3940,1/1/14
3941,2/4/14
3942,12/18/13
3943,1/30/14
3944,2/1/14
3945,1/4/14
3946,12/18/13
3947,1/16/14
3948,1/1/14
3949,12/31/13
3950,12/15/13
3951,1/26/14
3952,12/21/13
3953,1/4/14
3954,11/20/13
3955,11/28/13
3956,1/1/14
3957,11/30/13
3958,1/15/14
3959,1/22/14
3960,1/4/14
3961,1/5/14
3962,12/30/13
3963,1/30/14
3964,12/22/13
3965,1/1/14
3966,1/3/12
3967,2/5/14
3968,2/4/14
3969,1/23/14
3970,1/12/14
3971,12/29/13
3972,12/5/13
3973,1/29/14
3974,1/29/14
3975,1/29/14
3976,2/4/14
3977,2/3/14
3978,1/8/14
3979,1/8/14
3980,12/1/13
3981,11/25/13
3982,1/14/14
3983,1/16/14
3984,12/28/13
3985,12/9/13
3986,2/6/14
3987,12/30/13
3988,12/30/13
3989,11/29/13
3990,12/30/13
3991,11/30/13
3992,12/31/13
3993,2/28/14
3994,3/3/14
3995,3/5/14
3996,3/2/14
3997,1/4/14
3998,1/5/14
3999,12/29/13
4000,1/2/14
4001,2/1/14
4002,11/19/13
4003,12/8/13
4004,1/31/14
4005,1/4/14
4006,1/28/14
4007,12/31/13
4008,1/6/14
4009,2/1/14
4010,1/1/14
4011,1/13/14
4012,12/14/13
4013,1/4/14
4014,1/23/14
4015,12/11/13
4016,12/30/13
4017,12/31/13
4018,2/2/14
4019,11/29/13
4020,11/29/13
4021,1/1/14
4022,1/28/14
4023,12/31/13
4024,12/31/13
4025,12/29/13
4026,12/9/13
4027,1/1/14
4028,11/30/13
4029,1/23/14
4030,1/7/14
4031,11/29/13
4032,12/30/13
4033,12/29/13
4034,12/29/13
4035,2/16/14
4036,2/2/14
4037,1/29/14
4038,10/31/13
4039,1/14/14
4040,1/28/14
4041,10/29/13
4042,1/9/14
4043,1/2/14
4044,1/2/14
4045,1/5/14
4046,1/5/14
4047,1/5/14
4048,1/20/14
4049,1/2/14
4050,1/6/14
4051,1/5/14
4052,12/15/13
4053,1/5/14
4054,11/24/13
4055,12/15/13
4056,11/21/13
4057,11/24/13
4058,11/24/13
4059,11/26/13
4060,11/24/13
4061,11/24/13
4062,12/11/13
4063,12/1/13
4064,1/5/14
4065,1/14/14
4066,2/1/14
4067,1/17/14
4068,11/29/13
4069,12/26/13
4070,11/29/13
4071,1/20/14
4072,11/30/13
4073,1/20/14
4074,11/11/13
4075,11/27/13
4076,1/10/14
4077,1/1/14
4078,12/31/13
4079,1/21/14
4080,1/14/14
4081,1/24/14
4082,12/31/13
4083,10/18/13
4084,1/2/14
4085,10/10/13
4086,1/14/13
4087,12/29/13
4088,1/3/14
4089,11/12/13
4090,12/21/13
4091,12/19/13
4092,12/21/13
4093,12/25/13
4094,1/1/14
4095,1/1/14
4096,11/12/13
4097,12/10/13
4098,11/29/13
4099,1/14/14
4100,2/1/14
4101,1/6/14
4102,1/5/14
4103,12/30/13
4104,12/30/13
4105,1/4/14
4106,1/4/14
4107,11/30/13
4108,11/28/13
4109,12/31/13
4110,12/13/13
4111,11/21/13
4112,11/27/13
4113,11/10/13
4114,1/14/14
4115,11/30/13
4116,12/9/13
4117,10/16/13
4118,11/30/13
4119,11/22/13
4120,10/9/13
4121,12/3/13
4122,11/19/13
4123,1/2/14
4124,12/4/13
4125,11/29/13
4126,11/28/13
4127,11/30/13
4128,11/22/13
4129,12/30/13
4130,11/23/13
4131,12/29/13
4132,1/21/14
4133,1/1/14
4134,11/10/13
4135,11/9/13
4136,11/10/13
4137,11/5/13
4138,1/5/14
4139,1/30/14
4140,1/26/14
4141,11/9/13
4142,11/30/13
4143,1/5/14
4144,11/7/13
4145,1/1/14
4146,11/29/13
4147,10/31/13
4148,11/7/13
4149,11/29/13
4150,11/28/13
4151,11/29/13
4152,11/9/13
4153,11/22/13
4154,3/3/13
4155,11/30/13
4156,12/21/13
4157,12/6/13
4158,11/17/13
4159,11/30/13
4160,11/10/13
4161,3/28/13
4162,3/9/13
4163,11/8/13
4164,10/6/13
4165,11/10/13
4166,12/6/13
4167,12/8/13
4168,11/22/13
4169,12/19/13
4170,10/9/13
4171,11/11/13
4172,11/5/13
4173,11/11/13
4174,11/10/13
4175,10/15/13
4176,11/5/13
4177,12/6/13
4178,11/12/13
4179,1/2/13
4180,1/5/13
4181,12/22/13
4182,11/30/13
4183,8/31/13
4184,9/30/13
4185,10/25/13
4186,1/4/14
4187,11/7/13
4188,10/31/13
4189,10/1/13
4190,10/11/13
4191,12/23/13
4192,11/23/13
4193,12/23/13
4194,1/1/14
4195,11/29/13
4196,11/29/13
4197,1/5/13
4198,11/28/13
4199,12/15/13
4200,12/19/13
4201,10/18/13
4202,12/18/13
4203,12/18/13
4204,12/10/13
4205,12/6/13
4206,10/9/13
4207,10/13/13
4208,11/11/13
4209,10/9/13
4210,9/30/13
4211,2/14/13
4212,10/30/13
4213,10/31/13
4214,11/17/13
4215,11/17/13
4216,10/29/13
4217,11/14/13
4218,11/8/13
4219,10/13/13
4220,10/7/13
4221,3/3/13
4222,12/30/12
4223,2/16/13
4224,1/31/13
4225,1/31/13
4226,1/31/13
4227,2/28/13
4228,1/29/13
4229,3/17/13
4230,6/19/13
4231,1/25/13
4232,2/11/13
4233,6/12/13
4234,2/14/13
4235,12/16/12
4236,7/22/13
4237,12/30/10
4238,12/12/12
4239,1/31/13
4240,1/7/13
4241,1/22/13
4242,11/4/12
4243,1/31/12
4244,12/30/12
4245,6/29/13
4246,1/6/13
4247,1/2/13
4248,4/5/13
4249,3/10/13
4250,5/30/13
4251,12/19/12
4252,3/31/13
4253,4/29/13
4254,3/29/13
4255,3/31/13
4256,9/2/12
4257,1/14/13
4258,2/6/13
4259,3/2/13
4260,1/2/13
4261,12/14/12
4262,5/26/13
4263,5/31/13
4264,2/5/13
4265,3/14/13
4266,5/6/13
4267,1/14/13
4268,2/22/13
4269,4/19/13
4270,2/14/13
4271,11/15/12
4272,3/28/13
4273,5/28/13
4274,11/13/12
4275,4/7/13
4276,1/5/13
4277,12/30/12
4278,1/23/13
4279,3/27/13
4280,12/20/12
4281,12/16/12
4282,10/31/12
4283,12/17/12
4284,3/24/13
4285,3/13/13
4286,2/25/13
4287,4/13/13
4288,3/12/13
4289,11/17/12
4290,11/30/12
4291,1/14/13
4292,1/3/13
4293,1/2/13
4294,2/28/13
4295,3/7/13
4296,1/22/13
4297,5/12/13
4298,1/16/13
4299,12/15/12
4300,5/4/13
4301,12/20/12
4302,1/6/13
4303,2/7/13
4304,3/30/13
4305,3/2/13
4306,3/29/13
4307,1/27/13
4308,3/2/13
4309,3/4/13
4310,3/2/13
4311,12/14/12
4312,1/5/13
4313,2/25/13
4314,3/30/13
4315,1/4/13
4316,12/31/12
4317,2/15/13
4318,3/31/13
4319,4/1/13
4320,3/14/13
4321,3/31/13
4322,3/30/13
4323,1/25/13
4324,4/7/13
4325,12/21/12
4326,2/18/13
4327,2/7/13
4328,1/5/13
4329,1/29/13
4330,12/15/12
4331,4/22/13
4332,2/7/13
4333,2/7/13
4334,10/31/12
4335,12/14/12
4336,3/14/13
4337,12/11/12
4338,3/2/13
4339,2/7/13
4340,2/2/13
4341,1/1/13
4342,2/22/13
4343,1/27/13
4344,1/11/13
4345,3/28/13
4346,12/28/12
4347,4/7/13
4348,3/24/13
4349,12/30/12
4350,1/6/13
4351,1/1/13
4352,2/26/13
4353,1/30/13
4354,2/14/13
4355,2/14/13
4356,1/30/13
4357,2/7/13
4358,12/14/12
4359,1/3/13
4360,11/30/12
4361,1/30/13
4362,2/14/13
4363,2/22/13
4364,1/14/13
4365,1/17/13
4366,12/5/12
4367,11/30/12
4368,2/28/13
4369,3/5/13
4370,2/26/13
4371,12/13/12
4372,12/27/12
4373,1/11/13
4374,2/6/13
4375,12/20/12
4376,11/28/12
4377,1/30/13
4378,1/9/13
4379,1/11/13
4380,1/2/13
4381,2/6/13
4382,2/23/13
4383,2/16/13
4384,1/31/13
4385,3/31/13
4386,3/21/13
4387,2/24/13
4388,3/30/13
4389,1/14/13
4390,2/24/13
4391,1/11/13
4392,2/4/13
4393,2/26/13
4394,1/4/13
4395,2/27/13
4396,12/27/12
4397,12/30/12
4398,1/5/13
4399,12/19/12
4400,1/14/13
4401,12/20/12
4402,3/13/13
4403,11/3/12
4404,3/19/12
4405,1/20/13
4406,2/9/13
4407,1/30/13
4408,1/14/13
4409,1/7/13
4410,1/6/13
4411,1/14/13
4412,3/19/13
4413,2/3/13
4414,1/13/13
4415,1/1/13
4416,1/13/13
4417,1/2/13
4418,1/13/13
4419,2/7/13
4420,12/9/12
4421,11/5/12
4422,2/20/13
4423,1/2/13
4424,3/31/13
4425,1/29/13
4426,1/14/13
4427,1/22/13
4428,2/3/13
4429,2/2/13
4430,12/4/12
4431,11/30/12
4432,12/30/12
4433,12/30/12
4434,2/2/13
4435,11/30/12
4436,12/31/12
4437,12/31/12
4438,2/8/13
4439,11/12/12
4440,1/3/13
4441,11/30/12
4442,3/31/13
4443,1/27/13
4444,1/1/13
4445,1/1/13
4446,11/9/12
4447,1/9/13
4448,1/24/13
4449,12/31/12
4450,12/29/12
4451,2/4/13
4452,12/29/12
4453,1/13/13
4454,1/21/13
4455,1/18/13
4456,9/29/12
4457,11/28/12
4458,3/13/13
4459,10/31/12
4460,10/31/12
4461,12/26/12
4462,1/17/13
4463,12/27/12
4464,1/9/13
4465,1/17/13
4466,1/15/13
4467,12/28/12
4468,2/13/13
4469,12/18/12
4470,2/7/13
4471,1/20/13
4472,2/12/13
4473,11/29/12
4474,1/12/13
4475,2/7/13
4476,12/20/12
4477,2/7/13
4478,1/10/13
4479,1/30/13
4480,2/3/13
4481,1/24/13
4482,2/2/13
4483,1/31/13
4484,12/4/12
4485,12/30/12
4486,12/7/12
4487,12/31/12
4488,3/26/13
4489,11/30/12
4490,11/12/12
4491,12/6/12
4492,1/1/13
4493,11/30/12
4494,1/24/13
4495,1/2/13
4496,2/7/13
4497,2/8/13
4498,1/10/13
4499,8/30/12
4500,2/7/13
4501,3/11/13
4502,11/29/12
4503,12/30/12
4504,1/2/13
4505,1/2/13
4506,1/6/13
4507,12/25/12
4508,1/1/13
4509,12/22/12
4510,12/22/12
4511,12/28/12
4512,11/7/12
4513,1/1/13
4514,1/2/13
4515,1/2/13
4516,1/3/13
4517,12/19/12
4518,1/3/13
4519,11/10/12
4520,1/6/13
4521,1/14/13
4522,1/14/13
4523,11/30/12
4524,1/13/13
4525,2/1/13
4526,11/12/12
4527,1/18/13
4528,3/7/13
4529,1/5/13
4530,1/14/13
4531,1/22/13
4532,12/31/12
4533,12/9/12
4534,1/6/13
4535,12/14/12
4536,11/13/12
4537,11/23/12
4538,12/30/12
4539,12/10/12
4540,12/2/12
4541,12/2/12
4542,11/19/12
4543,12/26/12
4544,11/18/12
4545,10/18/12
4546,11/27/12
4547,1/13/13
4548,11/26/12
4549,12/8/12
4550,1/2/13
4551,1/20/13
4552,2/21/13
4553,2/3/13
4554,2/9/13
4555,1/7/13
4556,1/5/13
4557,2/7/13
4558,11/16/12
4559,12/26/12
4560,10/24/12
4561,10/23/12
4562,1/18/13
4563,1/13/13
4564,1/2/13
4565,12/29/12
4566,11/28/12
4567,1/6/13
4568,12/31/12
4569,3/7/13
4570,1/14/13
4571,1/30/13
4572,12/10/12
4573,12/4/12
4574,1/23/13
4575,1/22/13
4576,1/2/13
4577,1/9/13
4578,1/29/13
4579,1/29/13
4580,1/22/13
4581,11/15/12
4582,12/19/12
4583,12/4/12
4584,2/27/13
4585,1/14/13
4586,1/4/13
4587,3/22/13
4588,1/9/13
4589,1/15/13
4590,12/31/12
4591,12/30/12
4592,10/18/12
4593,10/31/12
4594,1/9/13
4595,11/27/12
4596,11/25/12
4597,1/13/13
4598,2/18/13
4599,3/12/13
4600,11/10/12
4601,1/11/12
4602,1/27/12
4603,12/30/12
4604,2/18/13
4605,1/12/13
4606,2/25/13
4607,1/3/13
4608,11/29/12
4609,12/12/12
4610,12/21/12
4611,2/17/13
4612,2/17/13
4613,1/28/13
4614,3/5/13
4615,12/27/12
4616,1/6/13
4617,1/6/13
4618,1/6/13
4619,12/13/12
4620,1/6/13
4621,1/4/13
4622,1/5/13
4623,1/5/13
4624,1/3/13
4625,1/6/13
4626,1/5/13
4627,2/7/13
4628,1/4/13
4629,1/6/13
4630,1/6/13
4631,11/27/12
4632,1/4/13
4633,1/5/13
4634,1/6/13
4635,1/6/13
4636,1/26/13
4637,11/11/12
4638,12/9/12
4639,11/30/12
4640,12/3/12
4641,1/13/13
4642,1/29/13
4643,11/5/12
4644,1/3/13
4645,1/30/13
4646,1/24/13
4647,1/18/13
4648,1/10/13
4649,1/16/13
4650,12/19/12
4651,1/22/13
4652,1/12/13
4653,1/14/13
4654,1/9/13
4655,2/1/13
4656,12/22/12
4657,11/26/12
4658,1/4/13
4659,12/17/12
4660,2/3/13
4661,2/2/13
4662,2/3/13
4663,1/30/13
4664,11/30/12
4665,12/27/12
4666,1/31/13
4667,1/31/13
4668,1/4/13
4669,2/4/13
4670,1/1/13
4671,2/2/13
4672,1/5/13
4673,11/29/12
4674,12/30/12
4675,1/6/13
4676,12/20/12
4677,12/11/12
4678,2/5/13
4679,1/15/13
4680,1/1/13
4681,12/31/12
4682,1/15/13
4683,1/14/13
4684,3/2/13
4685,11/26/12
4686,1/14/13
4687,12/26/12
4688,1/12/13
4689,10/24/12
4690,10/14/12
4691,11/28/12
4692,12/15/12
4693,12/3/12
4694,12/3/12
4695,11/29/12
4696,12/3/12
4697,11/29/12
4698,12/28/12
4699,1/16/13
4700,12/2/12
4701,11/30/12
4702,11/12/12
4703,11/30/12
4704,1/8/13
4705,12/15/12
4706,12/18/12
4707,12/6/12
4708,1/24/13
4709,11/30/12
4710,11/30/12
4711,12/26/12
4712,2/8/13
4713,12/30/12
4714,1/9/13
4715,11/6/12
4716,12/14/12
4717,1/8/13
4718,11/30/12
4719,11/14/12
4720,12/13/12
4721,12/18/12
4722,1/13/13
4723,12/30/12
4724,1/8/13
4725,11/29/12
4726,1/14/13
4727,1/27/13
4728,1/7/13
4729,1/11/13
4730,11/6/12
4731,12/27/12
4732,1/3/13
4733,11/12/12
4734,12/11/12
4735,1/3/13
4736,12/30/12
4737,12/29/12
4738,12/14/12
4739,12/11/12
4740,12/23/12
4741,12/12/12
4742,11/30/12
4743,12/28/12
4744,12/25/12
4745,11/30/12
4746,1/3/13
4747,12/24/12
4748,12/14/12
4749,12/11/12
4750,11/30/12
4751,12/21/12
4752,12/16/12
4753,12/11/12
4754,11/15/12
4755,11/30/12
4756,12/14/12
4757,11/14/12
4758,11/23/12
4759,1/6/13
4760,11/11/12
4761,11/29/12
4762,1/2/13
4763,1/18/13
4764,12/30/12
4765,2/6/13
4766,11/7/12
4767,11/30/12
4768,11/30/12
4769,10/31/12
4770,10/30/12
4771,1/5/13
4772,12/2/12
4773,12/9/12
4774,11/12/12
4775,1/14/13
4776,11/24/12
4777,1/28/13
4778,12/30/12
4779,11/14/12
4780,12/30/12
4781,12/29/12
4782,12/28/12
4783,12/30/12
4784,11/30/12
4785,12/14/12
4786,12/27/12
4787,11/16/12
4788,1/14/13
4789,10/31/12
4790,11/27/12
4791,12/1/12
4792,1/13/13
4793,1/12/13
4794,11/2/12
4795,11/29/12
4796,11/30/12
4797,11/30/12
4798,11/29/12
4799,11/28/12
4800,11/30/12
4801,11/28/12
4802,11/16/12
4803,1/6/13
4804,1/25/13
4805,11/30/12
4806,1/3/13
4807,11/11/12
4808,12/11/12
4809,11/30/12
4810,2/3/13
4811,2/3/13
4812,11/30/12
4813,11/7/12
4814,11/8/12
4815,11/11/12
4816,12/8/12
4817,1/10/13
4818,11/11/12
4819,11/30/12
4820,11/10/12
4821,10/31/12
4822,11/9/12
4823,12/2/12
4824,11/11/12
4825,11/11/12
4826,11/11/12
4827,11/11/12
4828,11/11/12
4829,11/11/12
4830,10/31/12
4831,1/30/13
4832,12/2/12
4833,11/30/12
4834,1/16/13
4835,1/16/13
4836,11/30/12
4837,1/6/13
4838,12/31/12
4839,1/5/13
4840,11/6/12
4841,11/10/12
4842,11/28/12
4843,12/2/12
4844,11/11/12
4845,12/9/12
4846,1/13/13
4847,1/12/13
4848,12/21/12
4849,1/11/13
4850,12/11/12
4851,10/30/12
4852,11/25/12
4853,11/15/12
4854,11/11/12
4855,11/30/12
4856,11/22/12
4857,11/30/12
4858,11/5/12
4859,10/31/12
4860,11/7/12
4861,12/1/12
4862,10/30/12
4863,11/3/12
4864,11/7/12
4865,11/7/12
4866,10/31/12
4867,10/23/12
4868,11/7/12
4869,10/31/12
4870,11/7/12
4871,11/2/12
4872,10/31/12
4873,10/31/12
4874,12/30/14
4875,10/31/12
4876,1/2/13
4877,1/5/13
4878,11/18/12
4879,11/27/12
4880,12/6/12
4881,11/11/12
4882,11/20/12
4883,11/22/12
4884,11/24/12
4885,10/24/12
4886,11/24/12
4887,10/31/12
4888,12/4/12
4889,10/30/12
4890,1/10/12
4891,10/31/12
4892,10/31/12
4893,10/30/12
4894,10/24/12
4895,10/17/12
4896,6/15/11
4897,11/30/12
4898,12/9/12
4899,10/6/12
4900,10/9/12
4901,10/21/12
4902,10/31/12
4903,2/14/12
4904,9/30/12
4905,11/10/12
4906,9/30/12
4907,9/30/12
4908,1/24/12
4909,11/30/11
4910,10/30/12
4911,9/3/12
4912,11/21/11
4913,6/17/12
4914,12/3/11
4915,11/29/11
4916,11/30/11
4917,7/26/12
4918,4/5/12
4919,6/20/12
4920,1/27/12
4921,4/19/12
4922,8/9/12
4923,6/28/12
4924,1/10/12
4925,1/1/12
4926,6/28/12
4927,3/13/12
4928,1/9/12
4929,3/15/12
4930,5/11/12
4931,1/21/12
4932,3/5/12
4933,4/13/12
4934,1/9/12
4935,3/16/12
4936,12/15/11
4937,12/15/11
4938,11/29/11
4939,12/16/11
4940,12/13/11
4941,4/22/12
4942,10/29/11
4943,4/9/12
4944,6/6/12
4945,1/16/12
4946,12/5/11
4947,1/19/12
4948,12/31/11
4949,2/15/12
4950,2/10/12
4951,2/12/12
4952,5/30/12
4953,3/30/12
4954,3/15/12
4955,1/19/12
4956,11/11/11
4957,5/14/12
4958,12/14/11
4959,4/22/12
4960,2/12/12
4961,2/11/12
4962,4/22/12
4963,4/1/12
4964,3/30/12
4965,2/7/12
4966,2/7/12
4967,3/8/12
4968,4/25/12
4969,4/30/12
4970,5/3/12
4971,4/1/12
4972,12/28/11
4973,2/16/12
4974,4/14/12
4975,3/8/12
4976,3/22/12
4977,1/22/12
4978,3/3/12
4979,2/28/12
4980,5/30/12
4981,12/19/11
4982,2/14/12
4983,12/14/11
4984,2/29/12
4985,3/30/12
4986,1/24/12
4987,11/30/11
4988,4/15/12
4989,1/21/12
4990,12/15/11
4991,3/26/12
4992,11/23/11
4993,11/30/11
4994,1/22/12
4995,12/14/11
4996,12/14/11
4997,1/22/12
4998,2/22/12
4999,1/30/12
5000,11/28/11
5001,1/21/12
5002,4/7/12
5003,3/27/12
5004,2/5/12
5005,3/15/12
5006,3/3/12
5007,3/1/12
5008,3/3/12
5009,3/4/12
5010,1/8/12
5011,4/15/12
5012,3/29/12
5013,11/21/11
5014,1/31/12
5015,3/29/12
5016,3/14/12
5017,4/9/12
5018,1/14/12
5019,2/10/12
5020,12/13/11
5021,3/8/12
5022,2/16/12
5023,3/30/12
5024,11/29/11
5025,3/31/12
5026,1/9/12
5027,1/3/12
5028,4/8/12
5029,3/30/12
5030,2/28/12
5031,1/2/12
5032,12/27/11
5033,1/11/12
5034,3/11/12
5035,3/29/12
5036,2/28/12
5037,3/7/12
5038,3/29/12
5039,2/9/12
5040,12/23/11
5041,1/28/12
5042,1/4/12
5043,1/9/12
5044,2/5/12
5045,2/17/12
5046,3/30/12
5047,1/2/12
5048,11/25/11
5049,1/20/12
5050,11/15/11
5051,3/31/12
5052,12/15/11
5053,12/15/11
5054,12/15/11
5055,12/14/11
5056,11/25/11
5057,1/2/12
5058,3/5/11
5059,12/30/11
5060,2/13/12
5061,11/30/11
5062,1/5/12
5063,12/21/11
5064,1/13/12
5065,12/14/11
5066,12/11/11
5067,2/27/12
5068,2/5/12
5069,1/14/12
5070,1/2/12
5071,12/13/11
5072,1/18/12
5073,11/9/11
5074,12/30/11
5075,12/20/11
5076,12/14/11
5077,4/2/12
5078,12/15/11
5079,12/14/11
5080,1/17/12
5081,1/19/12
5082,12/27/11
5083,2/26/12
5084,2/29/12
5085,1/7/12
5086,12/15/11
5087,2/14/12
5088,12/31/11
5089,12/3/11
5090,3/28/12
5091,1/14/12
5092,2/21/12
5093,12/14/11
5094,10/29/11
5095,1/9/12
5096,1/9/12
5097,1/8/12
5098,12/14/11
5099,1/14/12
5100,1/2/12
5101,2/24/12
5102,2/27/12
5103,3/27/12
5104,11/30/11
5105,3/25/12
5106,10/24/11
5107,11/30/10
5108,12/31/10
5109,1/1/11
5110,2/13/11
5111,1/30/12
5112,12/31/11
5113,3/13/12
5114,12/1/11
5115,3/31/12
5116,3/30/12
5117,3/30/12
5118,3/5/12
5119,1/6/12
5120,3/30/12
5121,3/14/12
5122,1/16/12
5123,2/14/12
5124,2/28/12
5125,2/13/12
5126,12/14/11
5127,12/14/11
5128,1/2/12
5129,1/23/12
5130,2/13/12
5131,1/14/12
5132,2/14/12
5133,1/2/12
5134,12/14/11
5135,3/28/12
5136,1/2/12
5137,3/18/12
5138,11/28/11
5139,12/13/11
5140,12/3/11
5141,11/30/11
5142,3/29/12
5143,2/13/12
5144,1/25/12
5145,2/13/12
5146,3/9/12
5147,3/3/12
5148,2/13/12
5149,3/15/12
5150,2/7/12
5151,1/12/12
5152,11/30/11
5153,11/30/11
5154,12/10/11
5155,1/14/12
5156,3/14/12
5157,11/7/11
5158,12/30/11
5159,1/4/12
5160,3/14/12
5161,3/19/12
5162,12/15/11
5163,11/21/11
5164,11/22/11
5165,11/29/11
5166,12/27/11
5167,1/24/12
5168,11/30/11
5169,11/30/10
5170,3/12/12
5171,3/14/12
5172,3/14/12
5173,2/28/12
5174,3/14/12
5175,2/14/12
5176,3/14/12
5177,3/14/12
5178,3/14/12
5179,1/15/12
5180,11/30/11
5181,11/30/11
5182,11/30/11
5183,11/30/11
5184,12/1/11
5185,11/30/11
5186,11/29/11
5187,11/30/11
5188,2/14/12
5189,11/10/11
5190,1/2/12
5191,11/30/11
5192,2/3/12
5193,1/30/12
5194,2/1/12
5195,10/21/11
5196,1/10/12
5197,3/14/12
5198,3/20/12
5199,1/27/12
5200,1/15/12
5201,1/31/12
5202,2/14/12
5203,2/2/12
5204,12/21/11
5205,1/8/12
5206,1/19/12
5207,2/16/12
5208,12/14/11
5209,11/30/11
5210,1/4/12
5211,2/3/12
5212,1/2/12
5213,1/28/12
5214,11/29/11
5215,1/2/12
5216,3/3/12
5217,2/14/12
5218,2/18/12
5219,12/28/11
5220,2/14/12
5221,2/5/12
5222,3/12/12
5223,1/1/12
5224,11/30/11
5225,1/15/12
5226,2/14/12
5227,1/31/12
5228,1/1/12
5229,11/23/11
5230,12/22/11
5231,11/25/11
5232,11/25/11
5233,1/13/12
5234,11/17/11
5235,11/22/11
5236,1/4/12
5237,2/9/12
5238,1/11/12
5239,2/12/12
5240,1/1/12
5241,2/12/12
5242,12/7/11
5243,1/19/12
5244,11/30/11
5245,1/1/12
5246,12/12/11
5247,12/14/11
5248,12/13/11
5249,3/11/12
5250,2/19/12
5251,3/13/12
5252,3/18/12
5253,3/13/12
5254,2/12/12
5255,3/30/12
5256,2/29/12
5257,10/30/11
5258,10/6/11
5259,10/6/11
5260,12/27/11
5261,9/30/11
5262,12/14/11
5263,12/14/11
5264,12/14/11
5265,12/8/11
5266,2/9/12
5267,12/30/11
5268,12/1/11
5269,1/15/12
5270,11/11/11
5271,2/13/11
5272,1/30/12
5273,3/22/12
5274,1/2/12
5275,2/13/12
5276,1/2/12
5277,12/11/11
5278,12/29/11
5279,2/1/12
5280,2/14/12
5281,12/1/11
5282,2/5/12
5283,12/30/11
5284,1/30/12
5285,2/29/12
5286,1/1/12
5287,11/15/11
5288,10/31/11
5289,11/18/11
5290,2/29/12
5291,10/31/11
5292,1/2/12
5293,1/2/12
5294,2/14/12
5295,1/2/12
5296,12/13/11
5297,1/3/12
5298,1/19/12
5299,12/13/11
5300,1/1/12
5301,1/2/12
5302,1/1/12
5303,12/24/11
5304,12/4/11
5305,12/15/11
5306,1/2/12
5307,12/25/11
5308,1/2/12
5309,1/2/12
5310,1/1/12
5311,12/24/11
5312,1/8/12
5313,1/3/12
5314,3/30/12
5315,11/30/11
5316,12/14/11
5317,1/21/12
5318,1/9/12
5319,1/3/12
5320,1/9/12
5321,12/31/11
5322,1/8/12
5323,12/28/11
5324,12/29/11
5325,1/19/12
5326,11/30/11
5327,1/11/12
5328,11/25/11
5329,1/4/12
5330,11/30/11
5331,11/14/11
5332,12/14/11
5333,12/11/11
5334,1/5/12
5335,3/6/12
5336,3/13/12
5337,2/12/12
5338,12/9/11
5339,1/12/12
5340,12/29/11
5341,12/31/11
5342,2/5/12
5343,2/14/12
5344,2/2/12
5345,12/13/11
5346,2/28/12
5347,1/21/12
5348,1/24/12
5349,11/30/11
5350,11/30/11
5351,12/6/11
5352,1/16/12
5353,2/12/12
5354,3/4/12
5355,1/17/12
5356,11/5/11
5357,10/14/11
5358,12/8/11
5359,12/14/11
5360,12/15/11
5361,1/16/12
5362,12/9/11
5363,11/29/11
5364,2/12/12
5365,1/23/12
5366,12/8/11
5367,12/31/11
5368,2/24/12
5369,11/30/11
5370,11/30/11
5371,3/7/12
5372,12/14/11
5373,12/5/11
5374,3/8/12
5375,1/12/12
5376,1/22/12
5377,12/13/11
5378,12/5/11
5379,12/9/11
5380,12/15/11
5381,1/22/12
5382,2/7/12
5383,1/16/12
5384,1/31/12
5385,1/25/12
5386,2/29/12
5387,11/30/11
5388,11/21/11
5389,1/14/12
5390,12/28/11
5391,1/9/12
5392,2/13/12
5393,12/14/11
5394,11/30/11
5395,12/16/11
5396,3/9/12
5397,2/29/12
5398,2/14/12
5399,1/14/12
5400,3/4/12
5401,12/28/11
5402,2/27/12
5403,12/12/11
5404,10/24/11
5405,11/29/11
5406,11/9/11
5407,11/4/11
5408,2/14/12
5409,2/26/11
5410,2/14/11
5411,12/8/11
5412,1/23/12
5413,12/15/11
5414,12/4/11
5415,1/16/12
5416,11/30/11
5417,11/30/11
5418,11/8/11
5419,12/8/11
5420,12/8/11
5421,11/25/11
5422,11/30/11
5423,11/23/11
5424,12/6/11
5425,1/14/12
5426,1/19/12
5427,1/31/12
5428,11/29/11
5429,11/23/11
5430,12/13/11
5431,2/24/12
5432,12/4/11
5433,12/7/11
5434,12/3/11
5435,11/30/11
5436,1/18/12
5437,1/22/12
5438,1/8/12
5439,12/14/11
5440,2/5/12
5441,11/30/11
5442,11/27/11
5443,12/14/11
5444,12/13/11
5445,1/16/12
5446,1/24/12
5447,3/3/12
5448,2/14/12
5449,1/14/12
5450,12/14/11
5451,2/3/12
5452,1/22/12
5453,11/23/11
5454,1/13/12
5455,11/30/11
5456,1/14/12
5457,3/3/12
5458,1/8/12
5459,1/8/12
5460,12/14/11
5461,12/6/11
5462,11/6/11
5463,12/9/11
5464,12/20/11
5465,12/14/11
5466,12/14/11
5467,1/31/12
5468,2/14/12
5469,12/29/11
5470,2/17/12
5471,11/30/11
5472,12/13/11
5473,12/13/11
5474,12/13/11
5475,11/28/11
5476,12/14/11
5477,2/19/12
5478,2/13/12
5479,11/26/11
5480,12/14/11
5481,3/9/12
5482,3/9/12
5483,2/29/12
5484,12/14/11
5485,1/5/12
5486,2/28/12
5487,2/4/12
5488,1/9/12
5489,11/29/11
5490,1/18/12
5491,1/14/12
5492,1/5/12
5493,1/30/12
5494,2/5/12
5495,12/14/11
5496,2/5/12
5497,2/5/12
5498,2/23/12
5499,2/14/12
5500,1/30/12
5501,11/14/11
5502,11/29/11
5503,11/20/11
5504,3/20/11
5505,12/8/10
5506,2/24/11
5507,1/3/12
5508,11/30/11
5509,12/12/11
5510,2/10/12
5511,2/27/12
5512,1/15/12
5513,12/9/11
5514,1/22/12
5515,1/3/12
5516,1/15/12
5517,1/7/12
5518,2/6/12
5519,1/30/12
5520,3/4/12
5521,11/25/11
5522,12/9/11
5523,11/29/11
5524,12/12/11
5525,1/14/12
5526,12/28/11
5527,11/29/11
5528,11/30/11
5529,12/14/11
5530,1/11/12
5531,12/14/11
5532,2/13/12
5533,2/13/12
5534,1/14/12
5535,12/5/11
5536,1/5/12
5537,11/26/11
5538,1/13/12
5539,1/14/12
5540,1/31/11
5541,12/13/11
5542,1/13/12
5543,1/3/12
5544,2/19/12
5545,11/27/11
5546,11/30/11
5547,2/14/12
5548,1/17/12
5549,1/14/12
5550,12/9/11
5551,1/3/12
5552,11/21/11
5553,11/30/11
5554,12/11/11
5555,11/30/11
5556,12/13/11
5557,12/14/11
5558,2/3/12
5559,1/19/12
5560,11/30/11
5561,1/3/12
5562,11/27/11
5563,11/21/11
5564,12/14/11
5565,12/14/11
5566,12/14/11
5567,12/14/11
5568,12/27/11
5569,11/17/11
5570,12/13/11
5571,11/22/11
5572,11/23/11
5573,12/14/11
5574,12/13/11
5575,12/14/11
5576,12/14/11
5577,11/25/11
5578,12/13/11
5579,12/14/11
5580,12/13/11
5581,12/8/11
5582,12/14/11
5583,12/13/11
5584,12/4/11
5585,12/14/11
5586,12/14/11
5587,11/30/11
5588,12/14/11
5589,12/13/11
5590,12/14/11
5591,1/19/12
5592,11/30/11
5593,1/3/12
5594,2/14/12
5595,11/30/11
5596,1/2/11
5597,11/30/11
5598,11/10/11
5599,11/4/11
5600,1/6/12
5601,1/1/12
5602,1/3/12
5603,1/30/12
5604,2/4/12
5605,12/31/11
5606,11/30/11
5607,11/30/11
5608,11/24/11
5609,11/6/11
5610,1/30/12
5611,1/2/12
5612,11/30/11
5613,12/4/11
5614,1/27/12
5615,11/2/11
5616,11/30/11
5617,1/9/12
5618,12/23/11
5619,2/3/12
5620,2/3/12
5621,1/2/12
5622,11/30/11
5623,1/5/12
5624,1/23/12
5625,1/2/12
5626,1/3/12
5627,1/3/12
5628,1/3/12
5629,1/3/12
5630,1/3/12
5631,1/3/12
5632,1/3/12
5633,1/3/12
5634,12/26/11
5635,12/29/11
5636,12/31/11
5637,1/3/12
5638,1/3/12
5639,1/2/12
5640,12/28/11
5641,12/31/11
5642,1/2/12
5643,1/3/12
5644,12/14/11
5645,2/13/12
5646,12/4/11
5647,11/30/11
5648,11/30/11
5649,1/29/12
5650,1/29/12
5651,11/30/11
5652,11/30/10
5653,2/14/10
5654,1/14/12
5655,1/14/12
5656,11/6/11
5657,2/9/12
5658,11/30/11
5659,12/1/10
5660,11/29/10
5661,1/13/12
5662,11/27/11
5663,11/27/11
5664,1/9/11
5665,1/31/11
5666,1/31/11
5667,2/14/11
5668,3/17/11
5669,2/14/11
5670,1/31/11
5671,3/14/11
5672,1/14/11
5673,1/9/11
5674,11/29/10
5675,11/30/10
5676,11/28/10
5677,11/26/10
5678,2/1/11
5679,11/14/10
5680,11/14/10
5681,11/14/10
5682,11/14/10
5683,2/8/11
5684,11/14/10
5685,2/14/12
5686,12/4/11
5687,1/31/11
5688,1/13/11
5689,2/14/11
5690,2/13/11
5691,1/2/11
5692,12/28/10
5693,1/6/11
5694,2/12/12
5695,10/31/11
5696,11/29/11
5697,11/30/10
5698,11/29/10
5699,11/13/11
5700,2/8/12
5701,10/31/11
5702,11/30/11
5703,11/29/11
5704,11/30/10
5705,1/19/11
5706,1/15/11
5707,1/2/11
5708,11/30/10
5709,11/29/10
5710,11/30/10
5711,11/30/10
5712,11/29/10
5713,11/30/10
5714,1/4/11
5715,11/30/10
5716,11/22/11
5717,11/29/11
5718,10/30/11
5719,11/29/11
5720,11/30/11
5721,1/15/12
5722,2/18/12
5723,1/22/12
5724,11/19/11
5725,11/19/11
5726,11/21/11
5727,12/2/11
5728,11/30/11
5729,1/12/12
5730,11/28/11
5731,11/23/11
5732,11/30/11
5733,11/30/11
5734,11/27/11
5735,11/24/10
5736,11/30/10
5737,11/29/10
5738,11/29/11
5739,11/29/10
5740,11/28/10
5741,11/29/10
5742,11/30/10
5743,11/23/11
5744,11/29/11
5745,11/21/11
5746,11/30/11
5747,11/29/11
5748,11/29/11
5749,11/29/11
5750,11/26/11
5751,12/1/11
5752,11/30/11
5753,11/30/11
5754,11/2/11
5755,11/30/11
5756,12/2/11
5757,11/29/11
5758,11/29/11
5759,2/10/12
5760,11/6/11
5761,11/24/11
5762,11/29/11
5763,10/30/11
5764,11/30/11
5765,12/29/11
5766,11/14/11
5767,1/11/12
5768,11/29/11
5769,11/20/11
5770,11/26/11
5771,11/30/11
5772,11/22/11
5773,3/25/11
5774,2/5/12
5775,11/29/11
5776,11/30/11
5777,11/29/11
5778,1/18/12
5779,1/19/12
5780,11/6/11
5781,1/2/12
5782,11/26/11
5783,1/17/12
5784,12/27/11
5785,12/24/11
5786,10/31/11
5787,1/14/12
5788,1/15/12
5789,11/5/11
5790,11/17/11
5791,11/21/11
5792,11/22/11
5793,11/23/11
5794,11/24/11
5795,11/28/11
5796,10/29/11
5797,12/21/11
5798,11/28/11
5799,12/29/11
5800,1/14/12
5801,12/27/10
5802,11/29/11
5803,1/3/12
5804,3/6/11
5805,1/4/11
5806,10/31/10
5807,11/26/10
5808,11/2/10
5809,8/30/11
5810,11/29/11
5811,12/14/11
5812,11/9/11
5813,11/22/11
5814,11/9/11
5815,11/9/11
5816,11/16/11
5817,11/12/11
5818,3/6/11
5819,10/26/11
5820,11/27/11
5821,11/6/11
5822,1/10/12
5823,1/11/12
5824,11/30/11
5825,11/30/11
5826,12/14/11
5827,11/28/11
5828,11/1/11
5829,12/15/11
5830,10/31/11
5831,12/27/11
5832,11/13/11
5833,11/25/11
5834,10/29/11
5835,10/31/11
5836,12/21/11
5837,10/30/11
5838,10/31/11
5839,12/10/09
5840,3/7/11
5841,11/29/11
5842,12/12/11
5843,12/12/11
5844,10/14/11
5845,9/27/11
5846,1/5/11
5847,2/13/11
5848,1/13/11
5849,11/17/11
5850,5/5/11
5851,4/28/11
5852,1/23/11
5853,1/2/11
5854,12/22/10
5855,1/10/11
5856,3/31/11
5857,6/23/11
5858,12/4/10
5859,7/29/11
5860,3/30/11
5861,5/19/11
5862,2/7/11
5863,2/13/11
5864,2/9/11
5865,5/29/11
5866,8/25/10
5867,6/7/11
5868,1/19/11
5869,3/14/11
5870,1/14/11
5871,1/14/11
5872,1/27/11
5873,11/1/10
5874,11/30/10
5875,3/10/11
5876,5/16/11
5877,1/20/11
5878,1/6/11
5879,2/14/11
5880,3/30/11
5881,2/14/11
5882,6/3/11
5883,2/8/11
5884,1/14/11
5885,3/29/11
5886,1/5/11
5887,3/12/11
5888,3/24/11
5889,3/22/11
5890,4/23/11
5891,12/30/10
5892,1/20/11
5893,1/31/11
5894,1/31/11
5895,4/24/11
5896,3/13/11
5897,6/20/11
5898,4/24/11
5899,6/21/11
5900,5/16/11
5901,4/23/11
5902,2/5/11
5903,4/17/11
5904,2/14/11
5905,1/15/11
5906,2/28/11
5907,2/11/11
5908,2/27/11
5909,12/14/10
5910,11/28/10
5911,3/5/11
5912,2/13/11
5913,3/5/11
5914,3/11/11
5915,1/6/11
5916,1/23/11
5917,4/24/11
5918,11/30/10
5919,10/31/10
5920,5/24/11
5921,2/14/11
5922,3/28/11
5923,3/30/11
5924,2/2/11
5925,1/28/11
5926,1/27/11
5927,1/21/11
5928,1/6/11
5929,2/9/11
5930,3/30/11
5931,10/31/10
5932,11/28/10
5933,12/25/10
5934,2/3/11
5935,3/1/11
5936,3/6/11
5937,1/7/11
5938,3/28/11
5939,3/14/11
5940,3/12/11
5941,1/1/11
5942,2/27/11
5943,2/27/11
5944,12/12/10
5945,1/30/11
5946,3/6/11
5947,12/14/10
5948,3/6/11
5949,1/15/11
5950,3/3/11
5951,1/30/11
5952,2/14/11
5953,2/14/11
5954,3/2/11
5955,3/6/11
5956,3/6/11
5957,3/5/11
5958,10/31/10
5959,3/2/11
5960,5/1/11
5961,3/6/11
5962,3/8/11
5963,3/6/11
5964,1/30/11
5965,3/5/11
5966,3/2/11
5967,3/10/11
5968,2/16/11
5969,12/7/10
5970,1/19/11
5971,3/23/11
5972,4/27/11
5973,3/29/11
5974,3/29/11
5975,1/26/11
5976,1/14/11
5977,1/24/11
5978,10/30/10
5979,10/30/10
5980,2/13/11
5981,2/13/11
5982,1/19/11
5983,1/31/11
5984,3/12/11
5985,3/12/11
5986,1/14/11
5987,1/14/11
5988,1/31/11
5989,1/31/11
5990,2/10/11
5991,3/10/11
5992,2/16/11
5993,4/15/11
5994,11/29/09
5995,2/27/11
5996,2/27/11
5997,1/17/11
5998,3/30/11
5999,11/14/10
6000,1/23/11
6001,3/11/11
6002,3/14/11
6003,2/9/11
6004,1/19/11
6005,2/27/11
6006,2/28/11
6007,3/30/11
6008,4/2/11
6009,3/24/11
6010,12/14/10
6011,3/16/11
6012,11/29/10
6013,1/15/11
6014,1/13/11
6015,1/29/11
6016,12/5/10
6017,2/3/11
6018,10/31/10
6019,5/1/11
6020,12/30/10
6021,4/6/11
6022,1/26/11
6023,3/31/11
6024,3/24/11
6025,2/3/11
6026,1/12/11
6027,4/14/11
6028,1/31/11
6029,1/31/11
6030,1/4/11
6031,3/30/11
6032,12/29/10
6033,2/6/11
6034,4/10/11
6035,1/21/11
6036,3/12/11
6037,1/19/11
6038,1/10/11
6039,1/19/11
6040,2/10/11
6041,12/16/10
6042,1/10/11
6043,2/4/11
6044,1/21/11
6045,3/29/11
6046,11/27/10
6047,1/23/11
6048,1/4/11
6049,11/29/10
6050,2/13/11
6051,1/2/11
6052,2/9/11
6053,12/24/10
6054,12/25/10
6055,1/6/11
6056,10/27/10
6057,3/8/11
6058,2/14/11
6059,2/14/11
6060,12/18/10
6061,3/21/11
6062,1/14/11
6063,1/6/11
6064,3/4/11
6065,3/21/11
6066,2/8/11
6067,2/1/11
6068,12/3/10
6069,1/29/11
6070,2/14/11
6071,11/6/10
6072,3/28/11
6073,2/10/11
6074,2/6/11
6075,12/14/10
6076,3/6/11
6077,2/14/11
6078,12/19/10
6079,12/13/10
6080,2/14/11
6081,1/22/11
6082,12/21/10
6083,11/29/10
6084,1/19/11
6085,1/19/11
6086,2/13/11
6087,2/12/11
6088,12/6/10
6089,12/4/10
6090,1/31/11
6091,2/14/11
6092,2/14/11
6093,12/31/10
6094,11/29/10
6095,2/7/11
6096,2/10/11
6097,2/14/11
6098,2/14/11
6099,12/29/10
6100,1/2/11
6101,3/28/11
6102,1/21/11
6103,2/13/11
6104,1/18/11
6105,1/1/11
6106,2/13/11
6107,12/4/10
6108,12/27/10
6109,1/4/11
6110,11/29/10
6111,12/7/10
6112,1/1/11
6113,12/15/10
6114,12/11/10
6115,1/4/11
6116,12/31/10
6117,3/28/11
6118,11/30/10
6119,2/3/11
6120,2/3/11
6121,2/21/11
6122,2/10/11
6123,1/11/11
6124,11/23/10
6125,1/14/11
6126,3/6/11
6127,2/27/11
6128,1/14/11
6129,1/10/11
6130,2/11/11
6131,1/30/11
6132,2/20/11
6133,1/6/11
6134,2/16/11
6135,1/29/11
6136,2/28/11
6137,2/20/11
6138,2/14/11
6139,12/8/10
6140,3/31/11
6141,12/21/10
6142,1/1/11
6143,12/24/10
6144,11/29/10
6145,2/10/11
6146,11/23/10
6147,12/30/10
6148,2/14/11
6149,11/29/10
6150,1/16/11
6151,3/17/11
6152,3/8/11
6153,1/2/11
6154,3/30/11
6155,2/4/11
6156,2/14/11
6157,3/14/11
6158,1/31/11
6159,1/10/11
6160,2/28/11
6161,11/21/10
6162,11/21/10
6163,11/24/10
6164,1/16/11
6165,1/17/11
6166,2/6/11
6167,12/21/10
6168,2/23/11
6169,3/1/11
6170,3/3/11
6171,1/31/11
6172,12/29/10
6173,12/29/10
6174,1/11/11
6175,8/31/10
6176,1/2/11
6177,1/30/11
6178,1/4/11
6179,11/30/10
6180,12/31/10
6181,2/1/11
6182,2/20/11
6183,12/8/10
6184,3/2/11
6185,2/19/11
6186,11/30/10
6187,2/3/11
6188,1/14/11
6189,1/15/11
6190,1/1/09
6191,1/3/11
6192,12/14/10
6193,1/6/11
6194,12/22/10
6195,12/23/10
6196,11/14/10
6197,12/19/10
6198,2/12/11
6199,11/22/10
6200,12/27/10
6201,1/7/11
6202,1/13/11
6203,2/12/08
6204,4/12/09
6205,1/30/11
6206,3/21/11
6207,1/30/11
6208,12/2/10
6209,1/2/11
6210,3/6/11
6211,1/24/11
6212,2/27/11
6213,1/14/11
6214,1/31/11
6215,12/6/10
6216,12/24/10
6217,10/24/10
6218,1/14/11
6219,2/1/11
6220,1/12/11
6221,12/6/10
6222,12/29/10
6223,1/3/11
6224,12/14/10
6225,1/12/11
6226,12/14/10
6227,1/2/11
6228,2/7/11
6229,12/30/10
6230,11/30/10
6231,11/30/10
6232,1/31/11
6233,1/12/11
6234,1/1/11
6235,2/10/11
6236,12/9/10
6237,1/12/11
6238,2/12/11
6239,11/21/10
6240,1/2/11
6241,1/14/11
6242,2/28/11
6243,1/19/11
6244,1/2/11
6245,1/7/11
6246,11/3/10
6247,11/3/10
6248,11/3/10
6249,2/13/11
6250,1/3/11
6251,1/2/11
6252,12/25/10
6253,1/22/11
6254,12/31/10
6255,12/29/10
6256,1/2/11
6257,2/13/11
6258,2/12/11
6259,1/2/11
6260,11/11/10
6261,1/5/11
6262,12/24/10
6263,1/2/11
6264,1/23/11
6265,1/2/11
6266,1/3/11
6267,1/8/11
6268,1/2/11
6269,12/21/10
6270,10/29/10
6271,1/31/11
6272,2/1/11
6273,2/28/11
6274,1/14/11
6275,1/2/11
6276,2/14/11
6277,1/30/11
6278,12/21/10
6279,3/8/11
6280,12/21/10
6281,2/1/11
6282,1/17/11
6283,10/31/10
6284,2/14/11
6285,6/17/10
6286,2/25/11
6287,3/19/11
6288,2/28/11
6289,1/19/11
6290,12/12/10
6291,12/4/10
6292,1/6/11
6293,3/30/11
6294,11/28/10
6295,11/25/10
6296,11/30/10
6297,1/31/11
6298,1/20/11
6299,11/9/10
6300,3/6/11
6301,1/19/11
6302,1/30/11
6303,1/5/11
6304,3/6/11
6305,10/24/10
6306,1/30/11
6307,3/6/11
6308,12/12/10
6309,3/6/11
6310,11/30/10
6311,12/26/10
6312,1/2/11
6313,1/13/11
6314,1/15/11
6315,2/7/11
6316,12/21/10
6317,3/7/11
6318,3/6/11
6319,2/13/11
6320,12/9/10
6321,11/29/10
6322,12/27/10
6323,1/6/11
6324,2/11/11
6325,12/28/10
6326,12/22/10
6327,12/31/10
6328,12/31/10
6329,12/31/10
6330,12/31/10
6331,12/31/10
6332,12/31/10
6333,12/31/10
6334,12/31/10
6335,1/13/11
6336,11/30/10
6337,11/30/10
6338,12/5/10
6339,12/6/10
6340,1/13/11
6341,1/19/11
6342,1/19/11
6343,11/29/10
6344,2/28/11
6345,1/19/11
6346,3/8/11
6347,11/30/10
6348,3/2/11
6349,11/28/10
6350,2/14/11
6351,1/31/11
6352,11/29/10
6353,1/15/11
6354,3/1/11
6355,1/13/11
6356,1/27/11
6357,2/9/11
6358,2/22/11
6359,1/20/11
6360,2/14/11
6361,12/6/10
6362,11/24/10
6363,11/17/10
6364,11/30/10
6365,1/13/11
6366,2/27/11
6367,11/29/10
6368,11/1/10
6369,11/29/10
6370,3/24/11
6371,3/24/11
6372,1/22/11
6373,11/23/10
6374,2/5/11
6375,1/14/11
6376,1/13/11
6377,2/14/11
6378,12/5/10
6379,2/19/11
6380,2/14/11
6381,2/14/11
6382,1/16/11
6383,1/19/11
6384,2/7/11
6385,2/14/11
6386,2/19/11
6387,1/13/11
6388,1/13/11
6389,10/14/10
6390,4/5/08
6391,12/12/09
6392,3/27/10
6393,3/30/10
6394,11/30/09
6395,4/8/10
6396,12/23/09
6397,3/30/10
6398,10/25/09
6399,11/1/10
6400,10/31/10
6401,12/18/10
6402,11/23/10
6403,1/23/11
6404,11/29/10
6405,12/13/10
6406,12/30/10
6407,10/25/10
6408,1/12/11
6409,11/24/10
6410,1/19/11
6411,1/31/11
6412,1/30/11
6413,1/14/11
6414,11/29/10
6415,1/10/11
6416,2/13/11
6417,12/18/10
6418,11/29/10
6419,1/4/09
6420,2/11/10
6421,2/11/10
6422,2/10/10
6423,2/10/10
6424,1/28/10
6425,1/12/10
6426,11/14/09
6427,3/4/09
6428,2/19/08
6429,11/30/09
6430,12/24/09
6431,12/25/09
6432,1/11/09
6433,1/4/10
6434,1/9/11
6435,1/15/11
6436,1/12/11
6437,1/23/11
6438,1/14/11
6439,1/22/11
6440,1/10/11
6441,1/11/11
6442,12/14/10
6443,1/30/11
6444,2/17/11
6445,1/9/11
6446,10/25/10
6447,11/1/10
6448,1/6/11
6449,1/3/10
6450,2/2/11
6451,2/8/11
6452,11/1/10
6453,2/6/11
6454,2/24/11
6455,1/17/11
6456,12/21/10
6457,12/5/10
6458,1/6/11
6459,2/10/11
6460,1/6/11
6461,1/9/11
6462,2/18/11
6463,11/30/10
6464,1/2/11
6465,1/5/11
6466,1/6/11
6467,1/6/11
6468,3/3/11
6469,1/5/11
6470,11/30/10
6471,11/27/10
6472,1/24/11
6473,12/27/10
6474,1/25/11
6475,11/29/10
6476,12/14/10
6477,11/11/10
6478,12/18/10
6479,12/15/10
6480,11/9/10
6481,12/22/10
6482,11/29/10
6483,11/29/10
6484,11/29/10
6485,1/28/11
6486,12/6/10
6487,11/30/10
6488,1/30/11
6489,12/6/10
6490,11/29/10
6491,11/30/10
6492,11/21/10
6493,11/8/10
6494,11/29/10
6495,11/30/10
6496,11/29/10
6497,10/25/10
6498,11/24/10
6499,11/30/10
6500,11/28/10
6501,11/30/10
6502,11/30/10
6503,11/29/10
6504,1/31/11
6505,11/22/10
6506,11/30/09
6507,11/9/10
6508,11/28/10
6509,10/31/10
6510,10/31/10
6511,10/31/10
6512,12/6/10
6513,12/3/10
6514,11/28/10
6515,11/30/10
6516,11/30/10
6517,11/30/10
6518,1/10/11
6519,1/31/11
6520,11/29/10
6521,10/30/10
6522,1/19/11
6523,11/26/10
6524,11/25/10
6525,1/9/11
6526,12/8/10
6527,11/30/10
6528,1/10/11
6529,12/21/10
6530,11/1/10
6531,11/20/10
6532,1/3/11
6533,2/3/11
6534,12/12/10
6535,11/30/10
6536,12/6/10
6537,2/6/11
6538,1/19/11
6539,1/19/11
6540,8/30/09
6541,3/30/10
6542,12/3/10
6543,1/18/11
6544,12/4/09
6545,12/29/10
6546,12/6/10
6547,11/29/10
6548,12/4/10
6549,12/6/10
6550,12/6/10
6551,12/6/10
6552,12/3/10
6553,12/12/10
6554,12/13/10
6555,12/12/10
6556,10/9/10
6557,11/29/10
6558,1/21/10
6559,10/25/10
6560,11/30/10
6561,1/24/10
6562,11/23/10
6563,11/1/10
6564,12/9/10
6565,1/26/11
6566,12/10/10
6567,1/4/11
6568,12/4/10
6569,10/31/10
6570,10/31/10
6571,11/29/10
6572,11/28/10
6573,1/30/11
6574,1/31/11
6575,11/30/10
6576,2/3/11
6577,10/31/10
6578,10/30/10
6579,11/22/10
6580,11/30/10
6581,11/1/10
6582,10/31/10
6583,11/26/10
6584,10/26/10
6585,11/1/10
6586,10/31/10
6587,11/1/10
6588,10/31/10
6589,1/29/11
6590,10/30/10
6591,1/14/11
6592,12/14/10
6593,12/30/10
6594,1/10/11
6595,10/30/10
6596,12/14/10
6597,11/30/10
6598,1/1/11
6599,11/28/10
6600,3/29/10
6601,3/14/10
6602,3/31/10
6603,12/1/09
6604,4/14/10
6605,4/20/10
6606,5/25/10
6607,3/30/10
6608,1/12/10
6609,10/25/09
6610,3/31/10
6611,10/25/09
6612,10/25/09
6613,10/25/09
6614,10/25/09
6615,10/25/09
6616,1/25/10
6617,11/30/09
6618,11/22/09
6619,1/6/10
6620,3/15/10
6621,4/3/10
6622,5/27/10
6623,2/27/10
6624,4/14/10
6625,4/4/10
6626,12/31/09
6627,2/9/10
6628,2/11/10
6629,2/11/10
6630,3/30/10
6631,3/20/10
6632,3/2/10
6633,3/31/10
6634,12/11/09
6635,11/27/09
6636,12/9/09
6637,4/10/10
6638,12/28/09
6639,1/2/10
6640,2/3/10
6641,4/7/10
6642,3/30/10
6643,1/31/10
6644,1/31/10
6645,1/14/10
6646,2/14/10
6647,2/1/10
6648,2/8/10
6649,1/14/10
6650,2/28/10
6651,2/9/10
6652,12/16/09
6653,2/14/10
6654,12/24/09
6655,12/24/09
6656,12/12/09
6657,12/31/09
6658,12/7/09
6659,1/7/10
6660,2/24/10
6661,1/21/10
6662,12/11/09
6663,1/4/10
6664,11/10/09
6665,2/14/10
6666,2/11/10
6667,2/11/10
6668,2/3/10
6669,2/9/10
6670,2/2/10
6671,1/11/10
6672,1/21/10
6673,1/26/10
6674,12/14/09
6675,2/13/10
6676,1/30/10
6677,1/24/10
6678,1/31/10
6679,12/6/09
6680,12/13/09
6681,2/13/10
6682,11/26/09
6683,1/3/10
6684,2/24/10
6685,12/30/09
6686,2/14/10
6687,1/3/10
6688,2/14/10
6689,11/30/09
6690,11/30/09
6691,1/24/10
6692,1/28/10
6693,12/21/09
6694,12/31/09
6695,12/21/09
6696,12/21/09
6697,2/15/10
6698,11/9/09
6699,1/24/10
6700,1/31/10
6701,1/24/10
6702,1/4/10
6703,1/24/10
6704,12/24/09
6705,12/24/09
6706,12/24/09
6707,12/24/09
6708,11/29/09
6709,11/14/09
6710,1/13/10
6711,1/11/10
6712,1/3/10
6713,1/13/10
6714,12/3/09
6715,11/30/09
6716,2/6/06
6717,12/29/09
6718,10/22/09
6719,10/30/09
6720,1/7/10
6721,2/4/10
6722,1/14/10
6723,12/7/09
6724,11/30/09
6725,12/14/09
6726,11/27/09
6727,1/12/10
6728,1/14/10
6729,12/31/09
6730,12/27/09
6731,12/18/09
6732,12/21/09
6733,11/16/09
6734,12/7/09
6735,1/3/10
6736,1/4/10
6737,11/13/09
6738,12/22/09
6739,12/2/09
6740,11/26/09
6741,12/14/09
6742,11/24/09
6743,10/19/09
6744,11/30/09
6745,1/1/10
6746,12/7/09
6747,12/13/09
6748,12/15/09
6749,1/18/10
6750,11/27/09
6751,11/19/09
6752,11/29/09
6753,12/13/09
6754,1/7/10
6755,12/12/09
6756,11/7/09
6757,1/12/10
6758,12/13/09
6759,12/1/09
6760,7/19/09
6761,11/17/09
6762,1/17/09
6763,7/30/09
6764,1/29/09
6765,4/13/09
6766,4/13/09
6767,3/25/09
6768,12/23/08
6769,12/23/08
6770,4/5/08
6771,4/11/08
6772,4/12/08
6773,3/31/09
6774,4/23/08
6775,3/10/09
6776,2/2/08
6777,4/6/08
6778,4/11/09
6779,4/4/09
6780,3/29/09
6781,1/11/09
6782,2/14/08
6783,9/30/08
6784,1/29/09
